Block,Pos,Weight,Measured_by,Date,Entered_by,Missing,,
E1,1,30.07,df,2020-01-14,DF,0,,
E1,2,31.4,df,2020-01-15,DF,0,,
E1,3,34.66,df,2020-01-16,DF,0,,
E1,4,29.01,df,2020-01-17,DF,0,,
E1,5,31.79,df,2020-01-18,DF,0,,
E1,6,37.46,df,2020-01-19,DF,0,,
E1,7,33.3,df,2020-01-20,DF,0,,
E1,8,31.39,df,2020-01-21,DF,0,,
E1,9,33.09,df,2020-01-22,DF,0,,
E1,10,31.21,df,2020-01-23,DF,0,,
E1,11,30.58,df,2020-01-24,DF,0,,
E1,12,31.86,df,2020-01-25,DF,0,,
E1,13,35.68,df,2020-01-26,DF,0,,
E1,14,28.6,df,2020-01-27,DF,0,,
E1,15,30.61,df,2020-01-28,DF,0,,
E1,16,30.64,df,2020-01-29,DF,0,,
E1,17,28.16,df,2020-01-30,DF,0,,
E1,18,37.93,df,2020-01-31,DF,0,,
E1,19,30.47,df,2020-02-01,DF,0,,
E1,20,30.72,df,2020-02-02,DF,0,,
E1,21,31.42,df,2020-02-03,DF,0,,
E1,22,29.63,df,2020-02-04,DF,0,,
E1,23,38.04,df,2020-02-05,DF,0,,
E1,24,31.81,df,2020-02-06,DF,0,,
E1,25,32.41,df,2020-02-07,DF,0,,
E1,26,33.3,df,2020-02-08,DF,0,,
E1,27,34.59,df,2020-02-09,DF,0,,
E1,28,38.84,df,2020-02-10,DF,0,,
E1,29,30.45,df,2020-02-11,DF,0,,
E1,30,31.8,df,2020-02-12,DF,0,,
E1,31,35.79,df,2020-02-13,DF,0,,
E1,32,33.2,df,2020-02-14,DF,0,,
E1,33,35.63,df,2020-02-15,DF,0,,
E1,34,31.72,df,2020-02-16,DF,0,,
E1,35,33.25,df,2020-02-17,DF,0,,
E1,36,42.77,df,2020-02-18,DF,0,,
E1,37,32.18,df,2020-02-19,DF,0,,
E1,38,33.26,df,2020-02-20,DF,0,,
E1,39,32.87,df,2020-02-21,DF,0,,
E1,40,40.09,df,2020-02-22,DF,0,,
E1,41,43.78,df,2020-02-23,DF,0,,
E1,42,31.16,df,2020-02-24,DF,0,,
E1,43,42.94,df,2020-02-25,DF,0,,
E1,44,30.48,df,2020-02-26,DF,0,,
E1,45,32.28,df,2020-02-27,DF,0,,
E1,46,36.31,df,2020-02-28,DF,0,,
E1,47,31.61,df,2020-02-29,DF,0,,
E1,48,32.94,df,2020-03-01,DF,0,,
E1,49,38.22,df,2020-03-02,DF,0,,
E1,50,31.05,df,2020-03-03,DF,0,,
E1,51,42.36,df,2020-03-04,DF,0,,
E1,52,30.02,df,2020-03-05,DF,0,,
E1,53,30.65,df,2020-03-06,DF,0,,
E1,54,33.75,df,2020-03-07,DF,0,,
E1,55,35.59,df,2020-03-08,DF,0,,
E1,56,46.32,df,2020-03-09,DF,0,,
E1,57,28.56,df,2020-03-10,DF,0,,"
"
E1,58,44.63,df,2020-03-11,DF,0,,
E1,59,33.26,df,2020-03-12,DF,0,,
E1,60,37.01,df,2020-03-13,DF,0,,
E1,61,40.9,df,2020-03-14,DF,0,,
E1,62,32.19,df,2020-03-15,DF,0,,
E1,63,NA,df,2020-03-16,DF,0,,
E1,64,35.3,df,2020-03-17,DF,0,,
E1,65,34.6,df,2020-03-18,DF,0,,
E1,66,36.73,df,2020-03-19,DF,0,,
E1,67,31.42,df,2020-03-20,DF,0,,
E1,68,42.61,df,2020-03-21,DF,0,,
E1,69,37.31,df,2020-03-22,DF,0,,
E1,70,39.02,df,2020-03-23,DF,0,,
E1,71,31.33,df,2020-03-24,DF,0,,
E1,72,36.62,df,2020-03-25,DF,0,,
E1,73,34.19,df,2020-03-26,DF,0,,
E1,74,29.5,df,2020-03-27,DF,0,,
E1,75,37.92,df,2020-03-28,DF,0,,
E1,76,40.82,df,2020-03-29,DF,0,,
E1,77,32.07,df,2020-03-30,DF,0,,
E1,78,37.48,df,2020-03-31,DF,0,,
E1,79,31.48,df,2020-04-01,DF,0,,
E1,80,30.85,df,2020-04-02,DF,0,,
E1,81,41.48,df,2020-04-03,DF,0,,
E1,82,32.43,df,2020-04-04,DF,0,,
E1,83,37.53,df,2020-04-05,DF,0,,
E1,84,32.42,df,2020-04-06,DF,0,,
E1,85,35.71,df,2020-04-07,DF,0,,
E1,86,33.69,df,2020-04-08,DF,0,,
E1,87,32.06,df,2020-04-09,DF,0,,
E1,88,44.61,df,2020-04-10,DF,0,,
E1,89,37.35,df,2020-04-11,DF,0,,
E1,90,36.11,df,2020-04-12,DF,0,,
E1,91,31.34,df,2020-04-13,DF,0,,
E1,92,31.94,df,2020-04-14,DF,0,,
E1,93,45.12,df,2020-04-15,DF,0,,
E1,94,37.96,df,2020-04-16,DF,0,,
E1,95,31.77,df,2020-04-17,DF,0,,
E1,96,27.93,df,2020-04-18,DF,0,,
E1,97,40.16,df,2020-04-19,DF,0,,
E1,98,48.6,df,2020-04-20,DF,0,,
E1,99,36.95,df,2020-04-21,DF,0,,
E1,100,63.09,df,2020-04-22,DF,0,,
E1,101,83.12,df,2020-04-23,DF,0,,
E1,102,43.17,df,2020-04-24,DF,0,,
E1,103,60.97,df,2020-04-25,DF,0,,
E1,104,47.31,df,2020-04-26,DF,0,,
E1,105,41.13,df,2020-04-27,DF,0,,
E1,106,27.69,df,2020-04-28,DF,0,,
E1,107,46.41,df,2020-04-29,DF,0,,
E1,108,39.13,df,2020-04-30,DF,0,,
E1,109,35.83,df,2020-05-01,DF,0,,
E1,110,38.77,df,2020-05-02,DF,0,,
E1,111,41.77,df,2020-05-03,DF,0,,
E1,112,39.88,df,2020-05-04,DF,0,,
E1,113,46.1,df,2020-05-05,DF,0,,
E1,114,28.93,df,2020-05-06,DF,0,,
E1,115,35.89,df,2020-05-07,DF,0,,
E1,116,33.62,df,2020-05-08,DF,0,,
E1,117,33.59,df,2020-05-09,DF,0,,
E1,118,39.39,df,2020-05-10,DF,0,,
E1,119,30.07,df,2020-05-11,DF,0,,
E1,120,33.78,df,2020-05-12,DF,0,,
E1,121,32.17,df,2020-05-13,DF,0,,
E1,122,33.59,df,2020-05-14,DF,0,,
E1,123,40.02,df,2020-05-15,DF,0,,
E1,124,31.46,df,2020-05-16,DF,0,,
E1,125,33.02,df,2020-05-17,DF,0,,
E1,126,41.27,df,2020-05-18,DF,0,,
E1,127,31.41,df,2020-05-19,DF,0,,
E1,128,39.69,df,2020-05-20,DF,0,,
E1,129,31.79,df,2020-05-21,DF,0,,
E1,130,35.69,df,2020-05-22,DF,0,,
E1,131,32.47,df,2020-05-23,DF,0,,
E1,132,30.7,df,2020-05-24,DF,0,,
E1,133,30.88,df,2020-05-25,DF,0,,
E1,134,34.08,df,2020-05-26,DF,0,,
E1,135,34.02,df,2020-05-27,DF,0,,
E1,136,37.89,df,2020-05-28,DF,0,,
E1,137,29.87,df,2020-05-29,DF,0,,
E1,138,38.88,df,2020-05-30,DF,0,,
E1,139,33.23,df,2020-05-31,DF,0,,
E1,140,41.54,df,2020-06-01,DF,0,,
E1,141,36.4,df,2020-06-02,DF,0,,
E1,142,36.96,df,2020-06-03,DF,0,,
E1,143,34.64,df,2020-06-04,DF,0,,
E1,144,39.82,df,2020-06-05,DF,0,,
E1,145,35.99,df,2020-06-06,DF,0,,
E1,146,32.5,df,2020-06-07,DF,0,,
E1,147,29.89,df,2020-06-08,DF,0,,
E1,148,41.34,df,2020-06-09,DF,0,,
E1,149,35.01,df,2020-06-10,DF,0,,
E1,150,21.32,df,2020-06-11,DF,0,,
E1,151,29.62,df,2020-06-12,DF,0,,
E1,152,39.8,df,2020-06-13,DF,0,,
E1,153,40.57,df,2020-06-14,DF,0,,
E1,154,31.96,df,2020-06-15,DF,0,,
E1,155,38.93,df,2020-06-16,DF,0,,
E1,156,27.84,df,2020-06-17,DF,0,,
E1,157,34.59,df,2020-06-18,DF,0,,
E1,158,42.81,df,2020-06-19,DF,0,,
E1,159,31.91,df,2020-06-20,DF,0,,
E1,160,31.2,df,2020-06-21,DF,0,,
E1,161,29.62,df,2020-06-22,DF,0,,
E1,162,30.3,df,2020-06-23,DF,0,,
E1,163,35.4,df,2020-06-24,DF,0,,
E1,164,30.64,df,2020-06-25,DF,0,,
E1,165,32.7,df,2020-06-26,DF,0,,
E1,166,32.03,df,2020-06-27,DF,0,,
E1,167,29.97,df,2020-06-28,DF,0,,
E1,168,40.3,df,2020-06-29,DF,0,,
E1,169,31.28,df,2020-06-30,DF,0,,
E1,170,34.45,df,2020-07-01,DF,0,,
E1,171,28.24,df,2020-07-02,DF,0,,
E1,172,35.39,df,2020-07-03,DF,0,,
E1,173,40.77,df,2020-07-04,DF,0,,
E1,174,28.77,df,2020-07-05,DF,0,,
E1,175,31.9,df,2020-07-06,DF,0,,
E1,176,37.31,df,2020-07-07,DF,0,,
E1,177,36.22,df,2020-07-08,DF,0,,
E1,178,34.94,df,2020-07-09,DF,0,,
E1,179,29.74,df,2020-07-10,DF,0,,
E1,180,32.25,df,2020-07-11,DF,0,,
E1,181,29.45,df,2020-07-12,DF,0,,
E1,182,29.52,df,2020-07-13,DF,0,,
E1,183,38.61,df,2020-07-14,DF,0,,
E1,184,30.29,df,2020-07-15,DF,0,,
E1,185,34.68,df,2020-07-16,DF,0,,
E1,186,30.94,df,2020-07-17,DF,0,,
E1,187,31.17,df,2020-07-18,DF,0,,
E1,188,40.64,df,2020-07-19,DF,0,,
E1,189,30.09,df,2020-07-20,DF,0,,
E1,190,32.16,df,2020-07-21,DF,0,,
E1,191,30.1,df,2020-07-22,DF,0,,
E1,192,30.65,df,2020-07-23,DF,0,,
E1,193,42.44,df,2020-07-24,DF,0,,
E1,194,29.46,df,2020-07-25,DF,0,,
E1,195,33.29,df,2020-07-26,DF,0,,
E1,196,35.41,df,2020-07-27,DF,0,,
E1,197,30.34,df,2020-07-28,DF,0,,
E1,198,43.76,df,2020-07-29,DF,0,,
E1,199,31.75,df,2020-07-30,DF,0,,
E1,200,46.29,df,2020-07-31,DF,0,,
e10,1,30.15,df,jan 10th 2020,DF,0,,
e10,2,35.8,df,jan 10th 2020,DF,0,,
e10,3,30.3,df,jan 10th 2020,DF,0,,
e10,4,31.64,df,jan 10th 2020,DF,0,,
e10,5,30.45,df,jan 10th 2020,DF,0,,
e10,6,36.68,df,jan 10th 2020,DF,0,,
e10,7,33.4,df,jan 10th 2020,DF,0,,
e10,8,28.32,df,jan 10th 2020,DF,0,,
e10,9,30.42,df,jan 10th 2020,DF,0,,
e10,10,30.84,df,jan 10th 2020,DF,0,,
e10,11,33.74,df,jan 10th 2020,DF,0,,
e10,12,29.99,df,jan 10th 2020,DF,0,,
e10,13,31.71,df,jan 10th 2020,DF,0,,
e10,14,21.6,df,jan 10th 2020,DF,0,,
e10,15,31.4,df,jan 10th 2020,DF,0,,
e10,16,29.9,df,jan 10th 2020,DF,0,,
e10,17,30.94,df,jan 10th 2020,DF,0,,
e10,18,33.67,df,jan 10th 2020,DF,0,,
e10,19,29.45,df,jan 10th 2020,DF,0,,
e10,20,30.41,df,jan 10th 2020,DF,0,,
e10,21,46.46,df,jan 10th 2020,DF,0,,
e10,22,29.55,df,jan 10th 2020,DF,0,,
e10,23,30.53,df,jan 10th 2020,DF,0,,
e10,24,30.5,df,jan 10th 2020,DF,0,,
e10,25,28.57,df,jan 10th 2020,DF,0,,
e10,26,31.76,df,jan 10th 2020,DF,0,,
e10,27,32.11,df,jan 10th 2020,DF,0,,
e10,28,29.42,df,jan 10th 2020,DF,0,,
e10,29,33.55,df,jan 10th 2020,DF,0,,
e10,30,32.18,df,jan 10th 2020,DF,0,,
e10,31,29.35,df,jan 10th 2020,DF,0,,
e10,32,31.77,df,jan 10th 2020,DF,0,,
e10,33,31.68,df,jan 10th 2020,DF,0,,
e10,34,28.34,df,jan 10th 2020,DF,0,,
e10,35,31.79,df,jan 10th 2020,DF,0,,
e10,36,33.54,df,jan 10th 2020,DF,0,,
e10,37,30.84,df,jan 10th 2020,DF,0,,
e10,38,33.52,df,jan 10th 2020,DF,0,,
e10,39,27.65,df,jan 10th 2020,DF,0,,
e10,40,30.17,df,jan 10th 2020,DF,0,,
e10,41,37.6,df,jan 10th 2020,DF,0,,
e10,42,29.08,df,jan 10th 2020,DF,0,,
e10,43,33.18,df,jan 10th 2020,DF,0,,
e10,44,29.24,df,jan 10th 2020,DF,0,,
e10,45,30.98,df,jan 10th 2020,DF,0,,
e10,46,35.44,df,jan 10th 2020,DF,0,,
e10,47,29.14,df,jan 10th 2020,DF,0,,
e10,48,32.32,df,jan 10th 2020,DF,0,,
e10,49,29.2,df,jan 10th 2020,DF,0,,
e10,50,36.68,df,jan 10th 2020,DF,0,,
e10,51,33.83,df,jan 10th 2020,DF,0,,
e10,52,33.39,df,jan 10th 2020,DF,0,,
e10,53,36.63,df,jan 10th 2020,DF,0,,
e10,54,33.35,df,jan 10th 2020,DF,0,,
e10,55,34.62,df,jan 10th 2020,DF,0,,
e10,56,34.45,df,jan 10th 2020,DF,0,,
e10,57,29.85,df,jan 10th 2020,DF,0,,
e10,58,30.28,df,jan 10th 2020,DF,0,,
e10,59,30.02,df,jan 10th 2020,DF,0,,
e10,60,32.7,df,jan 10th 2020,DF,0,,
e10,61,37.45,df,jan 10th 2020,DF,0,,
e10,62,30.97,df,jan 10th 2020,DF,0,,
e10,63,39.91,df,jan 10th 2020,DF,0,,
e10,64,29.29,df,jan 10th 2020,DF,0,,
e10,65,34.75,df,jan 10th 2020,DF,0,,
e10,66,34.87,df,jan 10th 2020,DF,0,,
e10,67,32.94,df,jan 10th 2020,DF,0,,
e10,68,31.77,df,jan 10th 2020,DF,0,,
e10,69,29.28,df,jan 10th 2020,DF,0,,
e10,70,32.54,df,jan 10th 2020,DF,0,,
e10,71,40.45,df,jan 10th 2020,DF,0,,
e10,72,34.16,df,jan 10th 2020,DF,0,,
e10,73,33,df,jan 10th 2020,DF,0,,
e10,74,29.15,df,jan 10th 2020,DF,0,,
e10,75,37.51,df,jan 10th 2020,DF,0,,
e10,76,30.32,df,jan 10th 2020,DF,0,,
e10,77,30.87,df,jan 10th 2020,DF,0,,
e10,78,35.82,df,jan 10th 2020,DF,0,,
e10,79,35.77,df,jan 10th 2020,DF,0,,
e10,80,30.94,df,jan 10th 2020,DF,0,,
e10,81,37.5,df,jan 10th 2020,DF,0,,
e10,82,29.43,df,jan 10th 2020,DF,0,,
e10,83,34.27,df,jan 10th 2020,DF,0,,
e10,84,32.56,df,jan 10th 2020,DF,0,,
e10,85,31.41,df,jan 10th 2020,DF,0,,
e10,86,37.69,df,jan 10th 2020,DF,0,,
e10,87,30.96,df,jan 10th 2020,DF,0,,
e10,88,31.66,df,jan 10th 2020,DF,0,,
e10,89,34.16,df,jan 10th 2020,DF,0,,
e10,90,30.88,df,jan 10th 2020,DF,0,,
e10,91,44,df,jan 10th 2020,DF,0,,
e10,92,32.09,df,jan 10th 2020,DF,0,,
e10,93,38.38,df,jan 10th 2020,DF,0,,
e10,94,37.48,df,jan 10th 2020,DF,0,,
e10,95,32.54,df,jan 10th 2020,DF,0,,
e10,96,48.79,df,jan 10th 2020,DF,0,,
e10,97,39.51,df,jan 10th 2020,DF,0,,
e10,98,38.07,df,jan 10th 2020,DF,0,,
e10,99,33.29,df,jan 10th 2020,DF,0,,
e10,100,35.88,df,jan 10th 2020,DF,0,,
e10,101,35.64,df,jan 10th 2020,DF,0,,
e10,102,52.59,df,jan 10th 2020,DF,0,,
e10,103,52.16,df,jan 10th 2020,DF,0,,
e10,104,34.34,df,jan 10th 2020,DF,0,,
e10,105,48.38,df,jan 10th 2020,DF,0,,
e10,106,29.45,df,jan 10th 2020,DF,0,,
e10,107,36.09,df,jan 10th 2020,DF,0,,
e10,108,33.76,df,jan 10th 2020,DF,0,,
e10,109,32.77,df,jan 10th 2020,DF,0,,
e10,110,40.74,df,jan 10th 2020,DF,0,,
e10,111,28.94,df,jan 10th 2020,DF,0,,
e10,112,39.63,df,jan 10th 2020,DF,0,,
e10,113,39.46,df,jan 10th 2020,DF,0,,
e10,114,32.42,df,jan 10th 2020,DF,0,,
e10,115,33.67,df,jan 10th 2020,DF,0,,
e10,116,30.35,df,jan 10th 2020,DF,0,,
e10,117,31.19,df,jan 10th 2020,DF,0,,
e10,118,44.06,df,jan 10th 2020,DF,0,,
e10,119,30.58,df,jan 10th 2020,DF,0,,
e10,120,30.92,df,jan 10th 2020,DF,0,,
e10,121,30,df,jan 10th 2020,DF,0,,
e10,122,29.62,df,jan 10th 2020,DF,0,,
e10,123,32.32,df,jan 10th 2020,DF,0,,
e10,124,29.72,df,jan 10th 2020,DF,0,,
e10,125,36.6,df,jan 10th 2020,DF,0,,
e10,126,29.67,df,jan 10th 2020,DF,0,,
e10,127,34.04,df,jan 10th 2020,DF,0,,
e10,128,32.31,df,jan 10th 2020,DF,0,,
e10,129,30.08,df,jan 10th 2020,DF,0,,
e10,130,35.22,df,jan 10th 2020,DF,0,,
e10,131,29.82,df,jan 10th 2020,DF,0,,
e10,132,35.64,df,jan 10th 2020,DF,0,,
e10,133,37.13,df,jan 10th 2020,DF,0,,
e10,134,33.84,df,jan 10th 2020,DF,0,,
e10,135,34.33,df,jan 10th 2020,DF,0,,
e10,136,31.86,df,jan 10th 2020,DF,0,,
e10,137,34.16,df,jan 10th 2020,DF,0,,
e10,138,42.69,df,jan 10th 2020,DF,0,,
e10,139,32.35,df,jan 10th 2020,DF,0,,
e10,140,30,df,jan 10th 2020,DF,0,,
e10,141,29.57,df,jan 10th 2020,DF,0,,
e10,142,31.06,df,jan 10th 2020,DF,0,,
e10,143,29.83,df,jan 10th 2020,DF,0,,
e10,144,30.61,df,jan 10th 2020,DF,0,,
e10,145,31.2,df,jan 10th 2020,DF,0,,
e10,146,39.43,df,jan 10th 2020,DF,0,,
e10,147,30.12,df,jan 10th 2020,DF,0,,
e10,148,37.97,df,jan 10th 2020,DF,0,,
e10,149,39.28,df,jan 10th 2020,DF,0,,
e10,150,35.21,df,jan 10th 2020,DF,0,,
e10,151,33.54,df,jan 10th 2020,DF,0,,
e10,152,29.6,df,jan 10th 2020,DF,0,,
e10,153,30.84,df,jan 10th 2020,DF,0,,
e10,154,29.3,df,jan 10th 2020,DF,0,,
e10,155,28.8,df,jan 10th 2020,DF,0,,
e10,156,32.44,df,jan 10th 2020,DF,0,,
e10,157,29.93,df,jan 10th 2020,DF,0,,
e10,158,39.72,df,jan 10th 2020,DF,0,,
e10,159,34.57,df,jan 10th 2020,DF,0,,
e10,160,31.72,df,jan 10th 2020,DF,0,,
e10,161,29.21,df,jan 10th 2020,DF,0,,
e10,162,40.75,df,jan 10th 2020,DF,0,,
e10,163,29,df,jan 10th 2020,DF,0,,
e10,164,31.62,df,jan 10th 2020,DF,0,,
e10,165,33.15,df,jan 10th 2020,DF,0,,
e10,166,34.48,df,jan 10th 2020,DF,0,,
e10,167,37.44,df,jan 10th 2020,DF,0,,
e10,168,35.76,df,jan 10th 2020,DF,0,,
e10,169,29.01,df,jan 10th 2020,DF,0,,
e10,170,34.58,df,jan 10th 2020,DF,0,,
e10,171,32.5,df,jan 10th 2020,DF,0,,
e10,172,29.21,df,jan 10th 2020,DF,0,,
e10,173,46.98,df,jan 10th 2020,DF,0,,
e10,174,31.43,df,jan 10th 2020,DF,0,,
e10,175,32.03,df,jan 10th 2020,DF,0,,
e10,176,34.73,df,jan 10th 2020,DF,0,,
e10,177,35.16,df,jan 10th 2020,DF,0,,
e10,178,29.93,df,jan 10th 2020,DF,0,,
e10,179,31.33,df,jan 10th 2020,DF,0,,
e10,180,29.54,df,jan 10th 2020,DF,0,,
e10,181,35.27,df,jan 10th 2020,DF,0,,
e10,182,30.84,df,jan 10th 2020,DF,0,,
e10,183,37.92,df,jan 10th 2020,DF,0,,
e10,184,35.22,df,jan 10th 2020,DF,0,,
e10,185,37.49,df,jan 10th 2020,DF,0,,
e10,186,33.37,df,jan 10th 2020,DF,0,,
e10,187,30.65,df,jan 10th 2020,DF,0,,
e10,188,34.44,df,jan 10th 2020,DF,0,,
e10,189,37.05,df,jan 10th 2020,DF,0,,
e10,190,34.23,df,jan 10th 2020,DF,0,,
e10,191,32.66,df,jan 10th 2020,DF,0,,
e10,192,28.45,df,jan 10th 2020,DF,0,,
e10,193,31.66,df,jan 10th 2020,DF,0,,
e10,194,31.46,df,jan 10th 2020,DF,0,,
e10,195,30.72,df,jan 10th 2020,DF,0,,
e10,196,33.65,df,jan 10th 2020,DF,0,,
e10,197,30.02,df,jan 10th 2020,DF,0,,
e10,198,44.68,df,jan 10th 2020,DF,0,,
e10,199,30.86,df,jan 10th 2020,DF,0,,
e10,200,33.17,df,jan 10th 2020,DF,0,,
e10,201,33.54,df,jan 10th 2020,DF,0,,
e11,1,36.12,df,jan 9th 2020,DF,0,,
e11,2,37.59,df,jan 9th 2020,DF,0,,
e11,3,29.45,df,jan 9th 2020,DF,0,,
e11,4,34.47,df,jan 9th 2020,DF,0,,
e11,5,37.15,df,jan 9th 2020,DF,0,,
e11,6,36.37,df,jan 9th 2020,DF,0,,
e11,7,30,df,jan 9th 2020,DF,0,,
e11,8,30.79,df,jan 9th 2020,DF,0,,
e11,9,32.85,df,jan 9th 2020,DF,0,,
e11,10,30.15,df,jan 9th 2020,DF,0,,
e11,11,31.31,df,jan 9th 2020,DF,0,,
e11,12,33.19,df,jan 9th 2020,DF,0,,
e11,13,30.55,df,jan 9th 2020,DF,0,,
e11,14,29.71,df,jan 9th 2020,DF,0,,
e11,15,29.18,df,jan 9th 2020,DF,0,,
e11,16,32.24,df,jan 9th 2020,DF,0,,
e11,17,28,df,jan 9th 2020,DF,0,,
e11,18,30.17,df,jan 9th 2020,DF,0,,
e11,19,32.2,df,jan 9th 2020,DF,0,,
e11,20,28.73,df,jan 9th 2020,DF,0,,
e11,21,33.49,df,jan 9th 2020,DF,0,,
e11,22,30.57,df,jan 9th 2020,DF,0,,
e11,23,30.72,df,jan 9th 2020,DF,0,,
e11,24,30.55,df,jan 9th 2020,DF,0,,
e11,25,29.73,df,jan 9th 2020,DF,0,,
e11,26,40.92,df,jan 9th 2020,DF,0,,
e11,27,29.9,df,jan 9th 2020,DF,0,,
e11,28,31.37,df,jan 9th 2020,DF,0,,
e11,29,32.19,df,jan 9th 2020,DF,0,,
e11,30,31.7,df,jan 9th 2020,DF,0,,
e11,31,30.35,df,jan 9th 2020,DF,0,,
e11,32,35.56,df,jan 9th 2020,DF,0,,
e11,33,31.91,df,jan 9th 2020,DF,0,,
e11,34,34.97,df,jan 9th 2020,DF,0,,
e11,35,29.46,df,jan 9th 2020,DF,0,,
e11,36,34.59,df,jan 9th 2020,DF,0,,
e11,37,31.71,df,jan 9th 2020,DF,0,,
e11,38,28.46,df,jan 9th 2020,DF,0,,
e11,39,34.1,df,jan 9th 2020,DF,0,,
e11,40,30.21,df,jan 9th 2020,DF,0,,
e11,41,36.52,df,jan 9th 2020,DF,0,,
e11,42,34.8,df,jan 9th 2020,DF,0,,
e11,43,29.43,df,jan 9th 2020,DF,0,,
e11,44,30.65,df,jan 9th 2020,DF,0,,
e11,45,29.59,df,jan 9th 2020,DF,0,,
e11,46,42.47,df,jan 9th 2020,DF,0,,
e11,47,30.12,df,jan 9th 2020,DF,0,,
e11,48,31.23,df,jan 9th 2020,DF,0,,
e11,49,30.74,df,jan 9th 2020,DF,0,,
e11,50,30.04,df,jan 9th 2020,DF,0,,
e11,51,31.16,df,jan 9th 2020,DF,0,,
e11,52,35.27,df,jan 8th 2020,DF,0,,
e11,53,40.02,df,jan 8th 2020,DF,0,,
e11,54,35.12,df,jan 8th 2020,DF,0,,
e11,55,33.1,df,jan 8th 2020,DF,0,,
e11,56,30.77,df,jan 8th 2020,DF,0,,
e11,57,33.32,df,jan 8th 2020,DF,0,,
e11,58,35.15,df,jan 8th 2020,DF,0,,
e11,59,30.45,df,jan 8th 2020,DF,0,,
e11,60,29.91,df,jan 8th 2020,DF,0,,
e11,61,31.59,df,jan 8th 2020,DF,0,,
e11,62,31.46,df,jan 8th 2020,DF,0,,
e11,63,49.08,df,jan 8th 2020,DF,0,,
e11,64,33.71,df,jan 8th 2020,DF,0,,
e11,65,33.39,df,jan 8th 2020,DF,0,,
e11,66,34.59,df,jan 8th 2020,DF,0,,
e11,67,31.49,df,jan 8th 2020,DF,0,,
e11,68,32.39,df,jan 8th 2020,DF,0,,
e11,69,32.97,df,jan 8th 2020,DF,0,,
e11,70,28.42,df,jan 8th 2020,DF,0,,
e11,71,30.25,df,jan 8th 2020,DF,0,,
e11,72,30.63,df,jan 8th 2020,DF,0,,
e11,73,30.68,df,jan 8th 2020,DF,0,,
e11,74,30.1,df,jan 8th 2020,DF,0,,
e11,75,30.52,df,jan 8th 2020,DF,0,,
e11,76,40.02,df,jan 8th 2020,DF,0,,
e11,77,29.73,df,jan 8th 2020,DF,0,,
e11,78,36.61,df,jan 8th 2020,DF,0,,
e11,79,33.15,df,jan 8th 2020,DF,0,,
e11,80,30.72,df,jan 8th 2020,DF,0,,
e11,81,31.81,df,jan 8th 2020,DF,0,,
e11,82,30.52,df,jan 8th 2020,DF,0,,
e11,83,35.6,df,jan 8th 2020,DF,0,,
e11,84,29.86,df,jan 8th 2020,DF,0,,
e11,85,32.04,df,jan 8th 2020,DF,0,,
e11,86,30.68,df,jan 8th 2020,DF,0,,
e11,87,30.81,df,jan 8th 2020,DF,0,,
e11,88,34.39,df,jan 8th 2020,DF,0,,
e11,89,33.72,df,jan 8th 2020,DF,0,,
e11,90,32.42,df,jan 8th 2020,DF,0,,
e11,91,31.65,df,jan 8th 2020,DF,0,,
e11,92,32.77,df,jan 8th 2020,DF,0,,
e11,93,33.19,df,jan 8th 2020,DF,0,,
e11,94,35.8,df,jan 8th 2020,DF,0,,
e11,95,37.5,df,jan 8th 2020,DF,0,,
e11,96,30.84,df,jan 8th 2020,DF,0,,
e11,97,36.65,df,jan 8th 2020,DF,0,,
e11,98,39.47,df,jan 8th 2020,DF,0,,
e11,99,29.9,df,jan 8th 2020,DF,0,,
e11,100,48.78,df,jan 8th 2020,DF,0,,
e11,101,42.09,df,jan 8th 2020,DF,0,,
e11,102,47.99,df,jan 8th 2020,DF,0,,
e11,103,30.95,df,jan 8th 2020,DF,0,,
e11,104,36.19,df,jan 8th 2020,DF,0,,
e11,105,29.23,df,jan 8th 2020,DF,0,,
e11,106,32.62,df,jan 8th 2020,DF,0,,
e11,107,35.43,df,jan 8th 2020,DF,0,,
e11,108,30.41,df,jan 8th 2020,DF,0,,
e11,109,30.14,df,jan 8th 2020,DF,0,,
e11,110,29.58,df,jan 8th 2020,DF,0,,
e11,111,30.01,df,jan 8th 2020,DF,0,,
e11,112,30.3,df,jan 8th 2020,DF,0,,
e11,113,32.4,df,jan 8th 2020,DF,0,,
e11,114,30.44,df,jan 8th 2020,DF,0,,
e11,115,37.65,df,jan 8th 2020,DF,0,,
e11,116,30.6,df,jan 8th 2020,DF,0,,
e11,117,32.74,df,jan 8th 2020,DF,0,,
e11,118,30.92,df,jan 8th 2020,DF,0,,
e11,119,32.14,df,jan 8th 2020,DF,0,,
e11,120,30.39,df,jan 8th 2020,DF,0,,
e11,121,28.4,df,jan 8th 2020,DF,0,,
e11,122,30.61,df,jan 8th 2020,DF,0,,
e11,123,30.15,df,jan 8th 2020,DF,0,,
e11,124,28.69,df,jan 8th 2020,DF,0,,
e11,125,31.89,df,jan 8th 2020,DF,0,,
e11,126,32.36,df,jan 8th 2020,DF,0,,
e11,127,31.14,df,jan 8th 2020,DF,0,,
e11,128,31.5,df,jan 8th 2020,DF,0,,
e11,129,29.42,df,jan 8th 2020,DF,0,,
e11,130,36.51,df,jan 8th 2020,DF,0,,
e11,131,34.34,df,jan 8th 2020,DF,0,,
e11,132,29.69,df,jan 8th 2020,DF,0,,
e11,133,29.67,df,jan 8th 2020,DF,0,,
e11,134,29.56,df,jan 8th 2020,DF,0,,
e11,135,32.19,df,jan 8th 2020,DF,0,,
e11,136,32.07,df,jan 8th 2020,DF,0,,
e11,137,32.65,df,jan 8th 2020,DF,0,,
e11,138,29.42,df,jan 8th 2020,DF,0,,
e11,139,31.98,df,jan 8th 2020,DF,0,,
e11,140,33.32,df,jan 8th 2020,DF,0,,
e11,141,32.62,df,jan 8th 2020,DF,0,,
e11,142,29.6,df,jan 8th 2020,DF,0,,
e11,143,30.6,df,jan 8th 2020,DF,0,,
e11,144,30.42,df,jan 8th 2020,DF,0,,
e11,145,31.21,df,jan 8th 2020,DF,0,,
e11,146,29.9,df,jan 8th 2020,DF,0,,
e11,147,29.1,df,jan 8th 2020,DF,0,,
e11,148,31.31,df,jan 8th 2020,DF,0,,
e11,149,31.28,df,jan 8th 2020,DF,0,,
e11,150,29.82,df,jan 8th 2020,DF,0,,
e11,151,31.97,df,jan 8th 2020,DF,0,,
e11,152,29.24,df,jan 8th 2020,DF,0,,
e11,153,31.58,df,jan 8th 2020,DF,0,,
e11,154,31.42,df,jan 8th 2020,DF,0,,
e11,155,28.06,df,jan 8th 2020,DF,0,,
e11,156,31.36,df,jan 8th 2020,DF,0,,
e11,157,30.54,df,jan 8th 2020,DF,0,,
e11,158,30.02,df,jan 8th 2020,DF,0,,
e11,159,35.35,df,jan 8th 2020,DF,0,,
e11,160,33.91,df,jan 8th 2020,DF,0,,
e11,161,36.63,df,jan 8th 2020,DF,0,,
e11,162,34.35,df,jan 8th 2020,DF,0,,
e11,163,36.79,df,jan 8th 2020,DF,0,,
e11,164,29.88,df,jan 8th 2020,DF,0,,
e11,165,30.04,df,jan 8th 2020,DF,0,,
e11,166,34.14,df,jan 8th 2020,DF,0,,
e11,167,30.6,df,jan 8th 2020,DF,0,,
e11,168,34.47,df,jan 8th 2020,DF,0,,
e11,169,29.01,df,jan 8th 2020,DF,0,,
e11,170,32.52,df,jan 8th 2020,DF,0,,
e11,171,33.85,df,jan 8th 2020,DF,0,,
e11,172,28.67,df,jan 8th 2020,DF,0,,
e11,173,33.87,df,jan 8th 2020,DF,0,,
e11,174,29.73,df,jan 8th 2020,DF,0,,
e11,175,40.06,df,jan 8th 2020,DF,0,,
e11,176,35.19,df,jan 8th 2020,DF,0,,
e11,177,34.69,df,jan 8th 2020,DF,0,,
e11,178,38.14,df,jan 8th 2020,DF,0,,
e11,179,32.72,df,jan 8th 2020,DF,0,,
e11,180,28.89,df,jan 8th 2020,DF,0,,
e11,181,32.64,df,jan 8th 2020,DF,0,,
e11,182,34.2,df,jan 8th 2020,DF,0,,
e11,183,34.3,df,jan 8th 2020,DF,0,,
e11,184,37.31,df,jan 8th 2020,DF,0,,
e11,185,30.68,df,jan 8th 2020,DF,0,,
e11,186,29.07,df,jan 8th 2020,DF,0,,
e11,187,32.81,df,jan 8th 2020,DF,0,,
e11,188,38.81,df,jan 8th 2020,DF,0,,
e11,189,30.81,df,jan 8th 2020,DF,0,,
e11,190,31.55,df,jan 8th 2020,DF,0,,
e11,191,38.2,df,jan 8th 2020,DF,0,,
e11,192,32.04,df,jan 8th 2020,DF,0,,
e11,193,39.32,df,jan 8th 2020,DF,0,,
e11,194,33.32,df,jan 8th 2020,DF,0,,
e11,195,34.75,df,jan 8th 2020,DF,0,,
e11,196,44.79,df,jan 8th 2020,DF,0,,
e11,197,31.18,df,jan 8th 2020,DF,0,,
e11,198,48.09,df,jan 8th 2020,DF,0,,
e11,199,33.59,df,jan 8th 2020,DF,0,,
e11,200,46.02,df,jan 8th 2020,DF,0,,
e11,201,35.15,df,jan 8th 2020,DF,0,,
e12,1,42.92,df,jan 9th 2020,DF,0,,
e12,2,32.47,df,jan 9th 2020,DF,0,,
e12,3,38.56,df,jan 9th 2020,DF,0,,
e12,4,41.82,df,jan 9th 2020,DF,0,,
e12,5,30.05,df,jan 9th 2020,DF,0,,
e12,6,36.48,df,jan 9th 2020,DF,0,,
e12,7,31.6,df,jan 9th 2020,DF,0,,
e12,8,34.88,df,jan 9th 2020,DF,0,,
e12,9,32.61,df,jan 9th 2020,DF,0,,
e12,10,28.64,df,jan 9th 2020,DF,0,,
e12,11,30.64,df,jan 9th 2020,DF,0,,
e12,12,31.62,df,jan 9th 2020,DF,0,,
e12,13,29.23,df,jan 9th 2020,DF,0,,
e12,14,31.02,df,jan 9th 2020,DF,0,,
e12,15,31.92,df,jan 9th 2020,DF,0,,
e12,16,42.06,df,jan 9th 2020,DF,0,,
e12,17,30.78,df,jan 9th 2020,DF,0,,
e12,18,34.98,df,jan 9th 2020,DF,0,,
e12,19,24.8,df,jan 9th 2020,DF,0,,
e12,20,32.8,df,jan 9th 2020,DF,0,,
e12,21,38.9,df,jan 9th 2020,DF,0,,
e12,22,32.33,df,jan 9th 2020,DF,0,,
e12,23,31.08,df,jan 9th 2020,DF,0,,
e12,24,33.78,df,jan 9th 2020,DF,0,,
e12,25,32.1,df,jan 9th 2020,DF,0,,
e12,26,34.71,df,jan 9th 2020,DF,0,,
e12,27,32.89,df,jan 9th 2020,DF,0,,
e12,28,28.75,df,jan 9th 2020,DF,0,,
e12,29,24.33,df,jan 9th 2020,DF,0,,
e12,30,37.1,df,jan 9th 2020,DF,0,,
e12,31,37,df,jan 9th 2020,DF,0,,
e12,32,33.61,df,jan 9th 2020,DF,0,,
e12,33,29.92,df,jan 9th 2020,DF,0,,
e12,34,35.35,df,jan 9th 2020,DF,0,,
e12,35,30.78,df,jan 9th 2020,DF,0,,
e12,36,38.31,df,jan 9th 2020,DF,0,,
e12,37,32.27,df,jan 9th 2020,DF,0,,
e12,38,30.93,df,jan 9th 2020,DF,0,,
e12,39,34.91,df,jan 9th 2020,DF,0,,
e12,40,33.13,df,jan 9th 2020,DF,0,,
e12,41,29.98,df,jan 9th 2020,DF,0,,
e12,42,40.2,df,jan 9th 2020,DF,0,,
e12,43,36.94,df,jan 9th 2020,DF,0,,
e12,44,68.35,df,jan 9th 2020,DF,0,,
e12,45,NA,df,jan 9th 2020,DF,0,,
e12,46,35.51,df,jan 9th 2020,DF,0,,
e12,47,35.21,df,jan 9th 2020,DF,0,,
e12,48,32,df,jan 9th 2020,DF,0,,
e12,49,35.7,df,jan 9th 2020,DF,0,,
e12,50,30.98,df,jan 9th 2020,DF,0,,
e12,51,26.7,df,jan 10th 2020,DF,0,,
e12,52,25.84,df,jan 10th 2020,DF,0,,
e12,53,30.56,df,jan 10th 2020,DF,0,,
e12,54,30.3,df,jan 10th 2020,DF,0,,
e12,55,34.47,df,jan 10th 2020,DF,0,,
e12,56,47,df,jan 10th 2020,DF,0,,
e12,57,32.6,df,jan 10th 2020,DF,0,,
e12,58,30.99,df,jan 10th 2020,DF,0,,
e12,59,31.75,df,jan 10th 2020,DF,0,,
e12,60,33.11,df,jan 10th 2020,DF,0,,
e12,61,40.79,df,jan 10th 2020,DF,0,,
e12,62,30.5,df,jan 10th 2020,DF,0,,
e12,63,31.75,df,jan 10th 2020,DF,0,,
e12,64,36.5,df,jan 10th 2020,DF,0,,
e12,65,31.98,df,jan 10th 2020,DF,0,,
e12,66,41.26,df,jan 10th 2020,DF,0,,
e12,67,32.97,df,jan 10th 2020,DF,0,,
e12,68,29.33,df,jan 10th 2020,DF,0,,
e12,69,32.83,df,jan 10th 2020,DF,0,,
e12,70,32.58,df,jan 10th 2020,DF,0,,
e12,71,50.93,df,jan 10th 2020,DF,0,,
e12,72,37.84,df,jan 10th 2020,DF,0,,
e12,73,32.62,df,jan 10th 2020,DF,0,,
e12,74,31.04,df,jan 10th 2020,DF,0,,
e12,75,36.4,df,jan 10th 2020,DF,0,,
e12,76,43.64,df,jan 10th 2020,DF,0,,
e12,77,33.86,df,jan 10th 2020,DF,0,,
e12,78,35.18,df,jan 10th 2020,DF,0,,
e12,79,42.66,df,jan 10th 2020,DF,0,,
e12,80,35.8,df,jan 10th 2020,DF,0,,
e12,81,49.09,df,jan 10th 2020,DF,0,,
e12,82,30.49,df,jan 10th 2020,DF,0,,
e12,83,32.14,df,jan 10th 2020,DF,0,,
e12,84,30.19,df,jan 10th 2020,DF,0,,
e12,85,31.89,df,jan 10th 2020,DF,0,,
e12,86,45.63,df,jan 10th 2020,DF,0,,
e12,87,33.96,df,jan 10th 2020,DF,0,,
e12,88,36.23,df,jan 10th 2020,DF,0,,
e12,89,33.83,df,jan 10th 2020,DF,0,,
e12,90,36.6,df,jan 10th 2020,DF,0,,
e12,91,33.07,df,jan 10th 2020,DF,0,,
e12,92,37.71,df,jan 10th 2020,DF,0,,
e12,93,35.56,df,jan 10th 2020,DF,0,,
e12,94,30.89,df,jan 10th 2020,DF,0,,
e12,95,35.23,df,jan 10th 2020,DF,0,,
e12,96,54.18,df,jan 10th 2020,DF,0,,
e12,97,34.36,df,jan 10th 2020,DF,0,,
e12,98,35.7,df,jan 10th 2020,DF,0,,
e12,99,74.58,df,jan 10th 2020,DF,0,,
e12,100,45.45,df,jan 10th 2020,DF,0,,
e12,101,45.7,df,jan 9th 2020,DF,0,,
e12,102,42.01,df,jan 9th 2020,DF,0,,
e12,103,36.88,df,jan 9th 2020,DF,0,,
e12,104,38.44,df,jan 9th 2020,DF,0,,
e12,105,51.68,df,jan 9th 2020,DF,0,,
e12,106,39.75,df,jan 9th 2020,DF,0,,
e12,107,35.7,df,jan 9th 2020,DF,0,,
e12,108,33.03,df,jan 9th 2020,DF,0,,
e12,109,39.87,df,jan 9th 2020,DF,0,,
e12,110,35.44,df,jan 9th 2020,DF,0,,
e12,111,39.82,df,jan 9th 2020,DF,0,,
e12,112,38.82,df,jan 9th 2020,DF,0,,
e12,113,33.14,df,jan 9th 2020,DF,0,,
e12,114,34.74,df,jan 9th 2020,DF,0,,
e12,115,39.4,df,jan 9th 2020,DF,0,,
e12,116,32.43,df,jan 9th 2020,DF,0,,
e12,117,32.17,df,jan 9th 2020,DF,0,,
e12,118,37.55,df,jan 9th 2020,DF,0,,
e12,119,36.68,df,jan 9th 2020,DF,0,,
e12,120,38.43,df,jan 9th 2020,DF,0,,
e12,121,40.81,df,jan 9th 2020,DF,0,,
e12,122,32.4,df,jan 9th 2020,DF,0,,
e12,123,43.42,df,jan 9th 2020,DF,0,,
e12,124,35.56,df,jan 9th 2020,DF,0,,
e12,125,30.65,df,jan 9th 2020,DF,0,,
e12,126,32.49,df,jan 9th 2020,DF,0,,
e12,127,32.55,df,jan 9th 2020,DF,0,,
e12,128,36.8,df,jan 9th 2020,DF,0,,
e12,129,30.76,df,jan 9th 2020,DF,0,,
e12,130,33.31,df,jan 9th 2020,DF,0,,
e12,131,30.71,df,jan 9th 2020,DF,0,,
e12,132,30.52,df,jan 9th 2020,DF,0,,
e12,133,33.71,df,jan 9th 2020,DF,0,,
e12,134,29.8,df,jan 9th 2020,DF,0,,
e12,135,28.71,df,jan 9th 2020,DF,0,,
e12,136,30.81,df,jan 9th 2020,DF,0,,
e12,137,30.52,df,jan 9th 2020,DF,0,,
e12,138,31.88,df,jan 9th 2020,DF,0,,
e12,139,34.35,df,jan 9th 2020,DF,0,,
e12,140,30.59,df,jan 9th 2020,DF,0,,
e12,141,32.72,df,jan 9th 2020,DF,0,,
e12,142,32.15,df,jan 9th 2020,DF,0,,
e12,143,30.79,df,jan 9th 2020,DF,0,,
e12,144,30.32,df,jan 9th 2020,DF,0,,
e12,145,32.17,df,jan 9th 2020,DF,0,,
e12,146,37.34,df,jan 9th 2020,DF,0,,
e12,147,28.64,df,jan 9th 2020,DF,0,,
e12,148,37.77,df,jan 9th 2020,DF,0,,
e12,149,34.88,df,jan 9th 2020,DF,0,,
e12,150,35.88,df,jan 9th 2020,DF,0,,
e12,151,31.01,df,jan 8th 2020,DF,0,,
e12,152,29.43,df,jan 8th 2020,DF,0,,
e12,153,37.18,df,jan 8th 2020,DF,0,,
e12,154,29.34,df,jan 8th 2020,DF,0,,
e12,155,29.53,df,jan 8th 2020,DF,0,,
e12,156,34.2,df,jan 8th 2020,DF,0,,
e12,157,27.93,df,jan 8th 2020,DF,0,,
e12,158,33.31,df,jan 8th 2020,DF,0,,
e12,159,30.42,df,jan 8th 2020,DF,0,,
e12,160,30.67,df,jan 8th 2020,DF,0,,
e12,161,35.25,df,jan 8th 2020,DF,0,,
e12,162,29.4,df,jan 8th 2020,DF,0,,
e12,163,30,df,jan 8th 2020,DF,0,,
e12,164,31.24,df,jan 8th 2020,DF,0,,
e12,165,35.24,df,jan 8th 2020,DF,0,,
e12,166,38.42,df,jan 8th 2020,DF,0,,
e12,167,31.35,df,jan 8th 2020,DF,0,,
e12,168,34.76,df,jan 8th 2020,DF,0,,
e12,169,29.34,df,jan 8th 2020,DF,0,,
e12,170,31.99,df,jan 8th 2020,DF,0,,
e12,171,32.28,df,jan 8th 2020,DF,0,,
e12,172,31.62,df,jan 8th 2020,DF,0,,
e12,173,32.79,df,jan 8th 2020,DF,0,,
e12,174,29.99,df,jan 8th 2020,DF,0,,
e12,175,34.37,df,jan 8th 2020,DF,0,,
e12,176,34.31,df,jan 8th 2020,DF,0,,
e12,177,30.92,df,jan 8th 2020,DF,0,,
e12,178,30.34,df,jan 8th 2020,DF,0,,
e12,179,29.34,df,jan 8th 2020,DF,0,,
e12,180,32.7,df,jan 8th 2020,DF,0,,
e12,181,32.99,df,jan 8th 2020,DF,0,,
e12,182,30.62,df,jan 8th 2020,DF,0,,
e12,183,36.58,df,jan 8th 2020,DF,0,,
e12,184,32.99,df,jan 8th 2020,DF,0,,
e12,185,33.84,df,jan 8th 2020,DF,0,,
e12,186,30.27,df,jan 8th 2020,DF,0,,
e12,187,30.95,df,jan 8th 2020,DF,0,,
e12,188,32.1,df,jan 8th 2020,DF,0,,
e12,189,28.9,df,jan 8th 2020,DF,0,,
e12,190,33.81,df,jan 8th 2020,DF,0,,
e12,191,41.75,df,jan 8th 2020,DF,0,,
e12,192,30.2,df,jan 8th 2020,DF,0,,
e12,193,35.2,df,jan 8th 2020,DF,0,,
e12,194,31.92,df,jan 8th 2020,DF,0,,
e12,195,30.12,df,jan 8th 2020,DF,0,,
e12,196,34.49,df,jan 8th 2020,DF,0,,
e12,197,29.71,df,jan 8th 2020,DF,0,,
e12,198,34.45,df,jan 8th 2020,DF,0,,
e12,199,34.73,df,jan 8th 2020,DF,0,,
e12,200,35.06,df,jan 8th 2020,DF,0,,
e12,201,29.25,df,jan 8th 2020,DF,0,,
e12,202,34.98,df,jan 8th 2020,DF,0,,
E2,1,31.65,MF,2020-01-09,LW,0,,
E2,2,28.6,MF,2020-01-09,LW,0,,
E2,3,34.96,MF,2020-01-09,LW,0,,
E2,4,29.79,MF,2020-01-09,LW,0,,
E2,5,28.75,MF,2020-01-09,LW,0,,
E2,6,32.66,MF,2020-01-09,LW,0,,
E2,7,28.34,MF,2020-01-09,LW,0,,
E2,8,28.58,MF,2020-01-09,LW,0,,
E2,9,34.52,MF,2020-01-09,LW,0,,
E2,10,28.88,MF,2020-01-09,LW,0,,
E2,11,30.3,MF,2020-01-09,LW,0,,
E2,12,30.3,MF,2020-01-09,LW,0,,
E2,13,32.36,MF,2020-01-09,LW,0,,
E2,14,30.76,MF,2020-01-09,LW,0,,
E2,15,29.57,MF,2020-01-09,LW,0,,
E2,16,31.12,MF,2020-01-09,LW,0,,
E2,17,34.84,MF,2020-01-09,LW,0,,
E2,18,30.48,MF,2020-01-09,LW,0,,
E2,19,29.25,MF,2020-01-09,LW,0,,
E2,20,29.94,MF,2020-01-09,LW,0,,
E2,21,30.88,MF,2020-01-09,LW,0,,
E2,22,31.85,MF,2020-01-09,LW,0,,
E2,23,28.77,MF,2020-01-09,LW,0,,
E2,24,35.2,MF,2020-01-09,LW,0,,
E2,25,32.31,MF,2020-01-09,LW,0,,
E2,26,33.75,MF,2020-01-09,LW,0,,
E2,27,32.32,MF,2020-01-09,LW,0,,
E2,28,29.79,MF,2020-01-09,LW,0,,
E2,29,35.93,MF,2020-01-09,LW,0,,
E2,30,27.79,MF,2020-01-09,LW,0,,
E2,31,33.15,MF,2020-01-09,LW,0,,
E2,32,31.38,MF,2020-01-09,LW,0,,
E2,33,27.98,MF,2020-01-09,LW,0,,
E2,34,39.88,MF,2020-01-09,LW,0,,
E2,35,28.73,MF,2020-01-09,LW,0,,
E2,36,30.25,MF,2020-01-09,LW,0,,
E2,37,29.2,MF,2020-01-09,LW,0,,
E2,38,29.5,MF,2020-01-09,LW,0,,
E2,39,36.72,MF,2020-01-09,LW,0,,
E2,40,27.83,MF,2020-01-09,LW,0,,
E2,41,35.96,MF,2020-01-09,LW,0,,
E2,42,32.2,MF,2020-01-09,LW,0,,
E2,43,30.73,MF,2020-01-09,LW,0,,
E2,44,29.76,MF,2020-01-09,LW,0,,
E2,45,30.44,MF,2020-01-09,LW,0,,
E2,46,32.32,MF,2020-01-09,LW,0,,
E2,47,29.53,MF,2020-01-09,LW,0,,
E2,48,29.79,MF,2020-01-09,LW,0,,
E2,49,30.37,MF,2020-01-09,LW,0,,
E2,50,29.98,MF,2020-01-09,LW,0,,
E2,51,36.44,MF,2020-01-09,LW,0,,
E2,52,30.78,MF,2020-01-09,LW,0,,
E2,53,29.34,MF,2020-01-09,LW,0,,
E2,54,37.06,MF,2020-01-09,LW,0,,
E2,55,30.09,MF,2020-01-09,LW,0,,
E2,56,32.61,MF,2020-01-09,LW,0,,
E2,57,31.65,MF,2020-01-09,LW,0,,
E2,58,30.13,MF,2020-01-09,LW,0,,
E2,59,31.33,MF,2020-01-09,LW,0,,
E2,60,30.35,MF,2020-01-09,LW,0,,
E2,61,28.8,MF,2020-01-09,LW,0,,
E2,62,31.94,MF,2020-01-09,LW,0,,
E2,63,30.17,MF,2020-01-09,LW,0,,
E2,64,29.5,MF,2020-01-09,LW,0,,
E2,65,29.76,MF,2020-01-09,LW,0,,
E2,66,29.39,MF,2020-01-09,LW,0,,
E2,67,30.12,MF,2020-01-09,LW,0,,
E2,68,33.56,MF,2020-01-09,LW,0,,
E2,69,30.7,MF,2020-01-09,LW,0,,
E2,70,31.81,MF,2020-01-09,LW,0,,
E2,71,32.01,MF,2020-01-09,LW,0,,
E2,72,32.67,MF,2020-01-09,LW,0,,
E2,73,41.28,MF,2020-01-09,LW,0,,
E2,74,30.01,MF,2020-01-09,LW,0,,
E2,75,36.77,MF,2020-01-09,LW,0,,
E2,76,32.34,MF,2020-01-09,LW,0,,
E2,77,29.07,MF,2020-01-09,LW,0,,
E2,78,33.61,MF,2020-01-09,LW,0,,
E2,79,38.91,MF,2020-01-09,LW,0,,
E2,80,30.12,MF,2020-01-09,LW,0,,
E2,81,39.51,MF,2020-01-09,LW,0,,
E2,82,37.2,MF,2020-01-09,LW,0,,
E2,83,30.71,MF,2020-01-09,LW,0,,
E2,84,32.41,MF,2020-01-09,LW,0,,
E2,85,29.8,MF,2020-01-09,LW,0,,
E2,86,32.78,MF,2020-01-09,LW,0,,
E2,87,37.99,MF,2020-01-09,LW,0,,
E2,88,29.91,MF,2020-01-09,LW,0,,
E2,89,30.93,MF,2020-01-09,LW,0,,
E2,90,34.71,MF,2020-01-09,LW,0,,
E2,91,41.93,MF,2020-01-09,LW,0,,
E2,92,46.32,MF,2020-01-09,LW,0,,
E2,93,37.45,MF,2020-01-09,LW,0,,
E2,94,30.15,MF,2020-01-09,LW,0,,
E2,95,34.53,MF,2020-01-09,LW,0,,
E2,96,31.11,MF,2020-01-09,LW,0,,
E2,97,42.06,MF,2020-01-09,LW,0,,
E2,98,67.18,MF,2020-01-09,LW,0,,
E2,99,60.38,MF,2020-01-09,LW,0,,
E2,100,62.73,MF,2020-01-09,LW,0,,
E2,101,30.29,MF,2020-01-09,LW,0,,
E2,102,29.25,MF,2020-01-09,LW,0,,
E2,103,96.1,MF,2020-01-09,LW,0,,
E2,104,28.29,MF,2020-01-09,LW,0,,
E2,105,31,MF,2020-01-09,LW,0,,
E2,106,29.59,MF,2020-01-09,LW,0,,
E2,107,27.91,MF,2020-01-09,LW,0,,
E2,108,56.58,MF,2020-01-09,LW,0,,
E2,109,62.26,MF,2020-01-09,LW,0,,
E2,110,29.05,MF,2020-01-09,LW,0,,
E2,111,37.54,MF,2020-01-09,LW,0,,
E2,112,32.53,MF,2020-01-09,LW,0,,
E2,113,43.11,MF,2020-01-09,LW,0,,
E2,114,36.09,MF,2020-01-09,LW,0,,
E2,115,30.59,MF,2020-01-09,LW,0,,
E2,116,62.96,MF,2020-01-09,LW,0,,
E2,117,34.31,MF,2020-01-09,LW,0,,
E2,118,30.24,MF,2020-01-09,LW,0,,
E2,119,28.27,MF,2020-01-09,LW,0,,
E2,120,36.13,MF,2020-01-09,LW,0,,
E2,121,39.28,MF,2020-01-09,LW,0,,
E2,122,30.07,MF,2020-01-09,LW,0,,
E2,123,49.17,MF,2020-01-09,LW,0,,
E2,124,38.12,MF,2020-01-09,LW,0,,
E2,125,36.73,MF,2020-01-09,LW,0,,
E2,126,36.93,MF,2020-01-09,LW,0,,
E2,127,30.96,MF,2020-01-09,LW,0,,
E2,128,43.78,MF,2020-01-09,LW,0,,
E2,129,30.83,MF,2020-01-09,LW,0,,
E2,130,33.18,MF,2020-01-09,LW,0,,
E2,131,32.96,MF,2020-01-09,LW,0,,
E2,132,29.95,MF,2020-01-09,LW,0,,
E2,133,29.2,MF,2020-01-09,LW,0,,
E2,134,31.49,MF,2020-01-09,LW,0,,
E2,135,32.6,MF,2020-01-09,LW,0,,
E2,136,33.64,MF,2020-01-09,LW,0,,
E2,137,31.79,MF,2020-01-09,LW,0,,
E2,138,37.88,MF,2020-01-09,LW,0,,
E2,139,29.55,MF,2020-01-09,LW,0,,
E2,140,33.02,MF,2020-01-09,LW,0,,
E2,141,35.57,MF,2020-01-09,LW,0,,
E2,142,29.16,MF,2020-01-09,LW,0,,
E2,143,31.05,MF,2020-01-09,LW,0,,
E2,144,34.27,MF,2020-01-09,LW,0,,
E2,145,40.85,MF,2020-01-09,LW,0,,
E2,146,34.73,MF,2020-01-09,LW,0,,
E2,147,29.03,MF,2020-01-09,LW,0,,
E2,148,32.11,MF,2020-01-09,LW,0,,
E2,149,34.53,MF,2020-01-09,LW,0,,
E2,150,28.03,MF,2020-01-09,LW,0,,
E2,151,28.75,MF,2020-01-09,LW,0,,
E2,152,33.9,MF,2020-01-09,LW,0,,
E2,153,30.59,MF,2020-01-09,LW,0,,
E2,154,30.63,MF,2020-01-09,LW,0,,
E2,155,36.71,MF,2020-01-09,LW,0,,
E2,156,29.56,MF,2020-01-09,LW,0,,
E2,157,30.55,MF,2020-01-09,LW,0,,
E2,158,29.39,MF,2020-01-09,LW,0,,
E2,159,30.08,MF,2020-01-09,LW,0,,
E2,160,34.03,MF,2020-01-09,LW,0,,
E2,161,28.65,MF,2020-01-09,LW,0,,
E2,162,30.59,MF,2020-01-09,LW,0,,
E2,163,30.02,MF,2020-01-09,LW,0,,
E2,164,29.41,MF,2020-01-09,LW,0,,
E2,165,31.94,MF,2020-01-09,LW,0,,
E2,166,29.58,MF,2020-01-09,LW,0,,
E2,167,31.44,MF,2020-01-09,LW,0,,
E2,168,36.3,MF,2020-01-09,LW,0,,
E2,169,30.77,MF,2020-01-09,LW,0,,
E2,170,30.79,MF,2020-01-09,LW,0,,
E2,171,29.1,MF,2020-01-09,LW,0,,
E2,172,31.97,MF,2020-01-09,LW,0,,
E2,173,35.95,MF,2020-01-09,LW,0,,
E2,174,30.15,MF,2020-01-09,LW,0,,
E2,175,30.99,MF,2020-01-09,LW,0,,
E2,176,31.09,MF,2020-01-09,LW,0,,
E2,177,31.9,MF,2020-01-09,LW,0,,
E2,178,33.47,MF,2020-01-09,LW,0,,
E2,179,30.35,MF,2020-01-09,LW,0,,
E2,180,33.34,MF,2020-01-09,LW,0,,
E2,181,28.77,MF,2020-01-09,LW,0,,
E2,182,32.12,MF,2020-01-09,LW,0,,
E2,183,28.55,MF,2020-01-09,LW,0,,
E2,184,31.11,MF,2020-01-09,LW,0,,
E2,185,30.57,MF,2020-01-09,LW,0,,
E2,186,28.13,MF,2020-01-09,LW,0,,
E2,187,31.61,MF,2020-01-09,LW,0,,
E2,188,30.45,MF,2020-01-09,LW,0,,
E2,189,30.08,MF,2020-01-09,LW,0,,
E2,190,30.4,MF,2020-01-09,LW,0,,
E2,191,28.26,MF,2020-01-09,LW,0,,
E2,192,30.87,MF,2020-01-09,LW,0,,
E2,193,31.06,MF,2020-01-09,LW,0,,
E2,194,29.84,MF,2020-01-09,LW,0,,
E2,195,31.03,MF,2020-01-09,LW,0,,
E2,196,28.92,MF,2020-01-09,LW,0,,
E2,197,30.97,MF,2020-01-09,LW,0,,
E2,198,28.73,MF,2020-01-09,LW,0,,
E2,199,30.57,MF,2020-01-09,LW,0,,
E2,200,32.68,MF,2020-01-09,LW,0,,
E2,201,29.76,MF,2020-01-09,LW,0,,
E2,202,30.7,MF,2020-01-09,LW,0,,
E2,203,27.86,MF,2020-01-09,LW,0,,
E2,204,30.36,MF,2020-01-09,LW,0,,
E2,205,37.12,MF,2020-01-09,LW,0,,
e3,1,43.71,df,jan 8th 2020,DF,,,
e3,2,35.31,df,jan 8th 2020,DF,,,
e3,3,42.52,df,jan 8th 2020,DF,,,
e3,4,30.2,df,jan 8th 2020,DF,,,
e3,5,29.55,df,jan 8th 2020,DF,,,
e3,6,31.71,df,jan 8th 2020,DF,,,
e3,7,31.01,df,jan 8th 2020,DF,,,
e3,8,34.52,df,jan 8th 2020,DF,,,
e3,9,31.55,df,jan 8th 2020,DF,,,
e3,10,29.97,df,jan 8th 2020,DF,,,
e3,11,30,df,jan 8th 2020,DF,,,
e3,12,34.8,df,jan 8th 2020,DF,,,
e3,13,34.1,df,jan 8th 2020,DF,,,
e3,14,32.22,df,jan 8th 2020,DF,,,
e3,15,29.4,df,jan 8th 2020,DF,,,
e3,16,34.58,df,jan 8th 2020,DF,,,
e3,17,27.54,df,jan 8th 2020,DF,,,
e3,18,31.13,df,jan 8th 2020,DF,,,
e3,19,31.96,df,jan 8th 2020,DF,,,
e3,20,28.46,df,jan 8th 2020,DF,,,
e3,21,31.37,df,jan 8th 2020,DF,,,
e3,22,30.56,df,jan 8th 2020,DF,,,
e3,23,32.87,df,jan 8th 2020,DF,,,
e3,24,30.09,df,jan 8th 2020,DF,,,
e3,25,29.33,df,jan 8th 2020,DF,,,
e3,26,30.59,df,jan 8th 2020,DF,,,
e3,27,34.23,df,jan 8th 2020,DF,,,
e3,28,30.91,df,jan 8th 2020,DF,,,
e3,29,32.48,df,jan 8th 2020,DF,,,
e3,30,30.14,df,jan 8th 2020,DF,,,
e3,31,38.94,df,jan 8th 2020,DF,,,
e3,32,33.41,df,jan 8th 2020,DF,,,
e3,33,42.77,df,jan 8th 2020,DF,,,
e3,34,30.25,df,jan 8th 2020,DF,,,
e3,35,30.81,df,jan 8th 2020,DF,,,
e3,36,31.06,df,jan 8th 2020,DF,,,
e3,37,29.91,df,jan 8th 2020,DF,,,
e3,38,30.04,df,jan 8th 2020,DF,,,
e3,39,30.09,df,jan 8th 2020,DF,,,
e3,40,35.41,df,jan 8th 2020,DF,,,
e3,41,29.46,df,jan 8th 2020,DF,,,
e3,42,31.68,df,jan 8th 2020,DF,,,
e3,43,29.94,df,jan 8th 2020,DF,,,
e3,44,32.09,df,jan 8th 2020,DF,,,
e3,45,34.98,df,jan 8th 2020,DF,,,
e3,46,31.28,df,jan 8th 2020,DF,,,
e3,47,33.12,df,jan 8th 2020,DF,,,
e3,48,39.41,df,jan 8th 2020,DF,,,
e3,49,31.24,df,jan 8th 2020,DF,,,
e3,50,33.11,df,jan 8th 2020,DF,,,
E3,51,31.23,MF,2020-01-09,LW,0,,
E3,52,32.09,MF,2020-01-09,LW,0,,
E3,53,37.02,MF,2020-01-09,LW,0,,
E3,54,32.5,MF,2020-01-09,LW,0,,
E3,55,37.46,MF,2020-01-09,LW,0,,
E3,56,30.31,MF,2020-01-09,LW,0,,
E3,57,32.8,MF,2020-01-09,LW,0,,
E3,58,34.75,MF,2020-01-09,LW,0,,
E3,59,30.53,MF,2020-01-09,LW,0,,
E3,60,30.48,MF,2020-01-09,LW,0,,
E3,61,34.01,MF,2020-01-09,LW,0,,
E3,62,29.4,MF,2020-01-09,LW,0,,
E3,63,30.99,MF,2020-01-09,LW,0,,
E3,64,30.4,MF,2020-01-09,LW,0,,
E3,65,31.53,MF,2020-01-09,LW,0,,
E3,66,33.73,MF,2020-01-09,LW,0,,
E3,67,31.88,MF,2020-01-09,LW,0,,
E3,68,31.76,MF,2020-01-09,LW,0,,
E3,69,31.35,MF,2020-01-09,LW,0,,
E3,70,32.91,MF,2020-01-09,LW,0,,
E3,71,34.65,MF,2020-01-09,LW,0,,
E3,72,28.4,MF,2020-01-09,LW,0,,
E3,73,39.18,MF,2020-01-09,LW,0,,
E3,74,30.22,MF,2020-01-09,LW,0,,
E3,75,33.68,MF,2020-01-09,LW,0,,
E3,76,39.46,MF,2020-01-09,LW,0,,
E3,77,28.9,MF,2020-01-09,LW,0,,
E3,78,30.38,MF,2020-01-09,LW,0,,
E3,79,30.81,MF,2020-01-09,LW,0,,
E3,80,31.26,MF,2020-01-09,LW,0,,
E3,81,30.92,MF,2020-01-09,LW,0,,
E3,82,29.4,MF,2020-01-09,LW,0,,
E3,83,40.56,MF,2020-01-09,LW,0,,
E3,84,29.4,MF,2020-01-09,LW,0,,
E3,85,30.59,MF,2020-01-09,LW,0,,
E3,86,32.68,MF,2020-01-09,LW,0,,
E3,87,29.9,MF,2020-01-09,LW,0,,
E3,88,30.39,MF,2020-01-09,LW,0,,
E3,89,28.87,MF,2020-01-09,LW,0,,
E3,90,30.23,MF,2020-01-09,LW,0,,
E3,91,29.85,MF,2020-01-09,LW,1,,
E3,92,29.66,MF,2020-01-09,LW,0,,
E3,93,39.34,MF,2020-01-09,LW,0,,
E3,94,29.44,MF,2020-01-09,LW,0,,
E3,95,29.52,MF,2020-01-09,LW,0,,
E3,96,41.76,MF,2020-01-09,LW,0,,
E3,97,38.47,MF,2020-01-09,LW,0,,
E3,98,42.6,MF,2020-01-09,LW,0,,
E3,99,29.63,MF,2020-01-09,LW,0,,
E3,100,37.32,MF,2020-01-09,LW,0,,
E3,101,62.13,MF,2020-01-09,LW,0,,
E3,102,27.95,MF,2020-01-09,LW,1,,
E3,103,66.17,MF,2020-01-09,LW,0,,
E3,104,34.7,MF,2020-01-09,LW,0,,
E3,105,34.24,MF,2020-01-09,LW,0,,
E3,106,31.08,MF,2020-01-09,LW,0,,
E3,107,30.03,MF,2020-01-09,LW,0,,
E3,108,29.24,MF,2020-01-09,LW,0,,
E3,109,38.87,MF,2020-01-09,LW,0,,
E3,110,29.87,MF,2020-01-09,LW,0,,
E3,111,43.81,MF,2020-01-09,LW,0,,
E3,112,30.68,MF,2020-01-09,LW,0,,
E3,113,28.37,MF,2020-01-09,LW,0,,
E3,114,32.56,MF,2020-01-09,LW,0,,
E3,115,31.48,MF,2020-01-09,LW,0,,
E3,116,34.1,MF,2020-01-09,LW,0,,
E3,117,31.6,MF,2020-01-09,LW,0,,
E3,118,27.67,MF,2020-01-09,LW,0,,
E3,119,30.72,MF,2020-01-09,LW,0,,
E3,120,29.28,MF,2020-01-09,LW,0,,
E3,121,30.34,MF,2020-01-09,LW,0,,
E3,122,30.97,MF,2020-01-09,LW,0,,
E3,123,29.01,MF,2020-01-09,LW,0,,
E3,124,32.7,MF,2020-01-09,LW,0,,
E3,125,32.2,MF,2020-01-09,LW,0,,
E3,126,28.95,MF,2020-01-09,LW,0,,
E3,127,31.66,MF,2020-01-09,LW,0,,
E3,128,29.51,MF,2020-01-09,LW,0,,
E3,129,30.83,MF,2020-01-09,LW,0,,
E3,130,29.46,MF,2020-01-09,LW,0,,
E3,131,28.31,MF,2020-01-09,LW,0,,
E3,132,32.94,MF,2020-01-09,LW,0,,
E3,133,28.55,MF,2020-01-09,LW,0,,
E3,134,34.53,MF,2020-01-09,LW,0,,
E3,135,31.69,MF,2020-01-09,LW,0,,
E3,136,28.74,MF,2020-01-09,LW,0,,
E3,137,30.48,MF,2020-01-09,LW,0,,
E3,138,29.26,MF,2020-01-09,LW,0,,
E3,139,31.35,MF,2020-01-09,LW,0,,
E3,140,30.18,MF,2020-01-09,LW,0,,
E3,141,31.54,MF,2020-01-09,LW,0,,
E3,142,30.19,MF,2020-01-09,LW,0,,
E3,143,30.93,MF,2020-01-09,LW,0,,
E3,144,29.78,MF,2020-01-09,LW,0,,
E3,145,29.8,MF,2020-01-09,LW,0,,
E3,146,32.85,MF,2020-01-09,LW,0,,
E3,147,30.23,MF,2020-01-09,LW,0,,
E3,148,32.76,MF,2020-01-09,LW,0,,
E3,149,30.05,MF,2020-01-09,LW,0,,
E3,150,31.8,MF,2020-01-09,LW,0,,
E3,151,32.42,MF,2020-01-08,LW,0,,
E3,152,31.8,MF,2020-01-08,LW,0,,
E3,153,30.2,MF,2020-01-08,LW,0,,
E3,154,32.56,MF,2020-01-08,LW,0,,
E3,155,28.93,MF,2020-01-08,LW,0,,
E3,156,45.97,MF,2020-01-08,LW,0,,
E3,157,32.41,MF,2020-01-08,LW,0,,
E3,158,39.76,MF,2020-01-08,LW,0,,
E3,159,32.87,MF,2020-01-08,LW,0,,
E3,160,30.78,MF,2020-01-08,LW,0,,
E3,161,30.96,MF,2020-01-08,LW,0,,
E3,162,30.9,MF,2020-01-08,LW,0,,
E3,163,38.84,MF,2020-01-08,LW,0,,
E3,164,35.61,MF,2020-01-08,LW,0,,
E3,165,31.39,MF,2020-01-08,LW,0,,
E3,166,34.88,MF,2020-01-08,LW,0,,
E3,167,30.51,MF,2020-01-08,LW,0,,
E3,168,30.1,MF,2020-01-08,LW,0,,
E3,169,32.08,MF,2020-01-08,LW,0,,
E3,170,29.96,MF,2020-01-08,LW,0,,
E3,171,40.88,MF,2020-01-08,LW,0,,
E3,172,30.54,MF,2020-01-08,LW,0,,
E3,173,38.01,MF,2020-01-08,LW,0,,
E3,174,31.63,MF,2020-01-08,LW,0,,
E3,175,31.25,MF,2020-01-08,LW,0,,
E3,176,39.95,MF,2020-01-08,LW,0,,
E3,177,30.88,MF,2020-01-08,LW,0,,
E3,178,35.36,MF,2020-01-08,LW,0,,
E3,179,31.11,MF,2020-01-08,LW,0,,
E3,180,30.86,MF,2020-01-08,LW,0,,
E3,181,42.02,MF,2020-01-08,LW,0,,
E3,182,34.91,MF,2020-01-08,LW,0,,
E3,183,29.86,MF,2020-01-08,LW,0,,
E3,184,35.71,MF,2020-01-08,LW,0,,
E3,185,33.31,MF,2020-01-08,LW,0,,
E3,186,41.9,MF,2020-01-08,LW,0,,
E3,187,30.3,MF,2020-01-08,LW,0,,
E3,188,31.24,MF,2020-01-08,LW,0,,
E3,189,32.42,MF,2020-01-08,LW,0,,
E3,190,31.2,MF,2020-01-08,LW,0,,
E3,191,29.47,MF,2020-01-08,LW,0,,
E3,192,30.1,MF,2020-01-08,LW,0,,
E3,193,32.57,MF,2020-01-08,LW,0,,
E3,194,28.84,MF,2020-01-08,LW,0,,
E3,195,31.68,MF,2020-01-08,LW,0,,
E3,196,38.67,MF,2020-01-08,LW,0,,
E3,197,30.74,MF,2020-01-08,LW,0,,
E3,198,33.06,MF,2020-01-08,LW,0,,
E3,199,32.55,MF,2020-01-08,LW,0,,
E3,200,47.25,MF,2020-01-08,LW,0,,
E4,1,28.55,MF,2020-01-09,LW,1,,
E4,2,17.44,MF,2020-01-09,LW,1,,
E4,3,28.71,MF,2020-01-09,LW,0,,
E4,4,30.49,MF,2020-01-09,LW,0,,
E4,5,29.82,MF,2020-01-09,LW,0,,
E4,6,30.9,MF,2020-01-09,LW,0,,
E4,7,28.11,MF,2020-01-09,LW,0,,
E4,8,29.38,MF,2020-01-09,LW,0,,
E4,9,31.76,MF,2020-01-09,LW,0,,
E4,10,29.18,MF,2020-01-09,LW,0,,
E4,11,37.86,MF,2020-01-09,LW,0,,
E4,12,35.68,MF,2020-01-09,LW,0,,
E4,13,33.08,MF,2020-01-09,LW,0,,
E4,14,39.58,MF,2020-01-09,LW,0,,
E4,15,28.5,MF,2020-01-09,LW,0,,
E4,16,32.12,MF,2020-01-09,LW,0,,
E4,17,37.36,MF,2020-01-09,LW,0,,
E4,18,34.03,MF,2020-01-09,LW,0,,
E4,19,35.69,MF,2020-01-09,LW,0,,
E4,20,30.21,MF,2020-01-09,LW,0,,
E4,21,28.86,MF,2020-01-09,LW,0,,
E4,22,31.66,MF,2020-01-09,LW,0,,
E4,23,33.32,MF,2020-01-09,LW,0,,
E4,24,38.3,MF,2020-01-09,LW,0,,
E4,25,34.42,MF,2020-01-09,LW,0,,
E4,26,30.07,MF,2020-01-09,LW,0,,
E4,27,33.25,MF,2020-01-09,LW,0,,
E4,28,29.8,MF,2020-01-09,LW,0,,
E4,29,31.02,MF,2020-01-09,LW,0,,
E4,30,34.33,MF,2020-01-09,LW,0,,
E4,31,31.28,MF,2020-01-09,LW,0,,
E4,32,32.28,MF,2020-01-09,LW,0,,
E4,33,37.65,MF,2020-01-09,LW,0,,
E4,34,33.59,MF,2020-01-09,LW,0,,
E4,35,30.73,MF,2020-01-09,LW,0,,
E4,36,33.63,MF,2020-01-09,LW,0,,
E4,37,30.03,MF,2020-01-09,LW,0,,
E4,38,33.12,MF,2020-01-09,LW,0,,
E4,39,30.71,MF,2020-01-09,LW,0,,
E4,40,32.33,MF,2020-01-09,LW,0,,
E4,41,36.69,MF,2020-01-09,LW,0,,
E4,42,31,MF,2020-01-09,LW,0,,
E4,43,34.57,MF,2020-01-09,LW,0,,
E4,44,29.07,MF,2020-01-09,LW,0,,
E4,45,37.49,MF,2020-01-09,LW,0,,
E4,46,30.81,MF,2020-01-09,LW,0,,
E4,47,30.12,MF,2020-01-09,LW,0,,
E4,48,29.21,MF,2020-01-09,LW,0,,
E4,49,29.42,MF,2020-01-09,LW,0,,
E4,50,31.2,MF,2020-01-09,LW,0,,
E4,51,30.49,MF,2020-01-09,LW,0,,
E4,52,30.59,MF,2020-01-09,LW,0,,
E4,53,29.21,MF,2020-01-09,LW,0,,
E4,54,33.54,MF,2020-01-09,LW,0,,
E4,55,32.3,MF,2020-01-09,LW,0,,
E4,56,30.55,MF,2020-01-09,LW,0,,
E4,57,31.79,MF,2020-01-09,LW,0,,
E4,58,30.9,MF,2020-01-09,LW,0,,
E4,59,31.34,MF,2020-01-09,LW,0,,
E4,60,28.97,MF,2020-01-09,LW,0,,
E4,61,36.45,MF,2020-01-09,LW,0,,
E4,62,35.15,MF,2020-01-09,LW,0,,
E4,63,30.96,MF,2020-01-09,LW,0,,
E4,64,30.23,MF,2020-01-09,LW,0,,
E4,65,28.97,MF,2020-01-09,LW,0,,
E4,66,32.44,MF,2020-01-09,LW,0,,
E4,67,28.56,MF,2020-01-09,LW,0,,
E4,68,33.34,MF,2020-01-09,LW,0,,
E4,69,32.62,MF,2020-01-09,LW,0,,
E4,70,29.19,MF,2020-01-09,LW,0,,
E4,71,34.74,MF,2020-01-09,LW,0,,
E4,72,34.34,MF,2020-01-09,LW,0,,
E4,73,29.36,MF,2020-01-09,LW,0,,
E4,74,31.36,MF,2020-01-09,LW,0,,
E4,75,31.01,MF,2020-01-09,LW,0,,
E4,76,30.58,MF,2020-01-09,LW,0,,
E4,77,29.52,MF,2020-01-09,LW,0,,
E4,78,30.87,MF,2020-01-09,LW,0,,
E4,79,33.68,MF,2020-01-09,LW,0,,
E4,80,30.91,MF,2020-01-09,LW,0,,
E4,81,35.67,MF,2020-01-09,LW,0,,
E4,82,30.04,MF,2020-01-09,LW,0,,
E4,83,33.31,MF,2020-01-09,LW,0,,
E4,84,28.23,MF,2020-01-09,LW,0,,
E4,85,31.66,MF,2020-01-09,LW,0,,
E4,86,29.95,MF,2020-01-09,LW,0,,
E4,87,30.16,MF,2020-01-09,LW,0,,
E4,88,34.8,MF,2020-01-09,LW,0,,
E4,89,30.64,MF,2020-01-09,LW,0,,
E4,90,28.07,MF,2020-01-09,LW,0,,
E4,91,50.27,MF,2020-01-09,LW,0,,
E4,92,31.51,MF,2020-01-09,LW,0,,
E4,93,30.68,MF,2020-01-09,LW,0,,
E4,94,30.5,MF,2020-01-09,LW,0,,
E4,95,32.6,MF,2020-01-09,LW,0,,
E4,96,45.04,MF,2020-01-09,LW,0,,
E4,97,36.59,MF,2020-01-09,LW,0,,
E4,98,34.3,MF,2020-01-09,LW,0,,
E4,99,29.66,MF,2020-01-09,LW,0,,
E4,100,37.62,MF,2020-01-09,LW,0,,
E4,101,41.29,MF,2020-01-09,LW,0,,
E4,102,46.4,MF,2020-01-09,LW,0,,
E4,103,34.74,MF,2020-01-09,LW,0,,
E4,104,39.69,MF,2020-01-09,LW,0,,
E4,105,39.32,MF,2020-01-09,LW,0,,
E4,106,30.76,MF,2020-01-09,LW,0,,
E4,107,34.06,MF,2020-01-09,LW,0,,
E4,108,53.67,MF,2020-01-09,LW,0,,
E4,109,53.07,MF,2020-01-09,LW,0,,
E4,110,33.5,MF,2020-01-09,LW,0,,
E4,111,36.42,MF,2020-01-09,LW,0,,
E4,112,31.45,MF,2020-01-09,LW,0,,
E4,113,35.02,MF,2020-01-09,LW,0,,
E4,114,37.4,MF,2020-01-09,LW,0,,
E4,115,33.83,MF,2020-01-09,LW,0,,
E4,116,29.48,MF,2020-01-09,LW,0,,
E4,117,32.19,MF,2020-01-09,LW,0,,
E4,118,35.18,MF,2020-01-09,LW,0,,
E4,119,36.97,MF,2020-01-09,LW,0,,
E4,120,30.54,MF,2020-01-09,LW,0,,
E4,121,31.37,MF,2020-01-09,LW,0,,
E4,122,29.71,MF,2020-01-09,LW,0,,
E4,123,33.62,MF,2020-01-09,LW,0,,
E4,124,39.47,MF,2020-01-09,LW,0,,
E4,125,30.96,MF,2020-01-09,LW,0,,
E4,126,35.85,MF,2020-01-09,LW,0,,
E4,127,33.67,MF,2020-01-09,LW,0,,
E4,128,45.4,MF,2020-01-09,LW,0,,
E4,129,30.19,MF,2020-01-09,LW,0,,
E4,130,29.77,MF,2020-01-09,LW,0,,
E4,131,36.33,MF,2020-01-09,LW,0,,
E4,132,37.86,MF,2020-01-09,LW,0,,
E4,133,29.06,MF,2020-01-09,LW,1,,
E4,134,30.17,MF,2020-01-09,LW,0,,
E4,135,30.31,MF,2020-01-09,LW,0,,
E4,136,39.54,MF,2020-01-09,LW,0,,
E4,137,31.52,MF,2020-01-09,LW,0,,
E4,138,37.66,MF,2020-01-09,LW,0,,
E4,139,34.57,MF,2020-01-09,LW,0,,
E4,140,36.2,MF,2020-01-09,LW,0,,
E4,141,34.72,MF,2020-01-09,LW,0,,
E4,142,38.69,MF,2020-01-09,LW,0,,
E4,143,54.12,MF,2020-01-09,LW,0,,
E4,144,29.29,MF,2020-01-09,LW,0,,
E4,145,34.37,MF,2020-01-09,LW,0,,
E4,146,33.36,MF,2020-01-09,LW,0,,
E4,147,31.14,MF,2020-01-09,LW,0,,
E4,148,50.64,MF,2020-01-09,LW,0,,
E4,149,29.03,MF,2020-01-09,LW,0,,
E4,150,35.46,MF,2020-01-09,LW,0,,
E4,151,33.63,MF,2020-01-09,LW,0,,
E4,152,32.68,MF,2020-01-09,LW,0,,
E4,153,35.08,MF,2020-01-09,LW,0,,
E4,154,34.51,MF,2020-01-09,LW,0,,
E4,155,48.28,MF,2020-01-09,LW,0,,
E4,156,29.34,MF,2020-01-09,LW,0,,
E4,157,33.7,MF,2020-01-09,LW,0,,
E4,158,46.68,MF,2020-01-09,LW,0,,
E4,159,28.03,MF,2020-01-09,LW,0,,
E4,160,32.26,MF,2020-01-09,LW,0,,
E4,161,36.36,MF,2020-01-09,LW,0,,
E4,162,31.2,MF,2020-01-09,LW,0,,
E4,163,42.89,MF,2020-01-09,LW,0,,
E4,164,31.06,MF,2020-01-09,LW,0,,
E4,165,30.56,MF,2020-01-09,LW,0,,
E4,166,38.1,MF,2020-01-09,LW,0,,
E4,167,28.59,MF,2020-01-09,LW,0,,
E4,168,33.83,MF,2020-01-09,LW,0,,
E4,169,38.86,MF,2020-01-09,LW,0,,
E4,170,33.23,MF,2020-01-09,LW,0,,
E4,171,35.13,MF,2020-01-09,LW,0,,
E4,172,31.13,MF,2020-01-09,LW,0,,
E4,173,35.93,MF,2020-01-09,LW,0,,
E4,174,31.39,MF,2020-01-09,LW,0,,
E4,175,42.77,MF,2020-01-09,LW,0,,
E4,176,31.26,MF,2020-01-09,LW,0,,
E4,177,29.08,MF,2020-01-09,LW,0,,
E4,178,33.9,MF,2020-01-09,LW,0,,
E4,179,29.34,MF,2020-01-09,LW,0,,
E4,180,30.48,MF,2020-01-09,LW,1,,
E4,181,37.85,MF,2020-01-09,LW,0,,
E4,182,28.95,MF,2020-01-09,LW,0,,
E4,183,50,MF,2020-01-09,LW,0,,
E4,184,28.72,MF,2020-01-09,LW,0,,
E4,185,30.85,MF,2020-01-09,LW,0,,
E4,186,30.51,MF,2020-01-09,LW,0,,
E4,187,31.54,MF,2020-01-09,LW,0,,
E4,188,37.03,MF,2020-01-09,LW,0,,
E4,189,29.59,MF,2020-01-09,LW,0,,
E4,190,29.87,MF,2020-01-09,LW,0,,
E4,191,30.33,MF,2020-01-09,LW,0,,
E4,192,30.4,MF,2020-01-09,LW,0,,
E4,193,30.5,MF,2020-01-09,LW,0,,
E4,194,32.91,MF,2020-01-09,LW,0,,
E4,195,30.15,MF,2020-01-09,LW,0,,
E4,196,30.71,MF,2020-01-09,LW,0,,
E4,197,28.86,MF,2020-01-09,LW,0,,
E4,198,34.19,MF,2020-01-09,LW,0,,
E4,199,39.95,MF,2020-01-09,LW,0,,
E4,200,31.03,MF,2020-01-09,LW,0,,
E4,201,33.85,MF,2020-01-09,LW,0,,
e5,1,32.14,LW,jan 8th 2020,DF,0,,
e5,2,28.61,LW,jan 8th 2020,DF,0,,
e5,3,34.64,LW,jan 8th 2020,DF,0,,
e5,4,33.33,LW,jan 8th 2020,DF,0,,
e5,5,32.88,LW,jan 8th 2020,DF,0,,
e5,6,35.59,LW,jan 8th 2020,DF,0,,
e5,7,29.22,LW,jan 8th 2020,DF,0,,
e5,8,30.31,LW,jan 8th 2020,DF,0,,
e5,9,40.73,LW,jan 8th 2020,DF,0,,
e5,10,43.72,LW,jan 8th 2020,DF,0,,
e5,11,34.19,LW,jan 8th 2020,DF,0,,
e5,12,37.12,LW,jan 8th 2020,DF,0,,
e5,13,36.56,LW,jan 8th 2020,DF,0,,
e5,14,28.96,LW,jan 8th 2020,DF,0,,
e5,15,30.96,LW,jan 8th 2020,DF,0,,
e5,16,28.14,LW,jan 8th 2020,DF,0,,
e5,17,36.15,LW,jan 8th 2020,DF,0,,
e5,18,29.54,LW,jan 8th 2020,DF,0,,
e5,19,33.49,LW,jan 8th 2020,DF,0,,
e5,20,30.71,LW,jan 8th 2020,DF,0,,
e5,21,32.92,LW,jan 8th 2020,DF,0,,
e5,22,28.67,LW,jan 8th 2020,DF,0,,
e5,23,34.78,LW,jan 8th 2020,DF,0,,
e5,24,28.17,LW,jan 8th 2020,DF,0,,
e5,25,29.44,LW,jan 8th 2020,DF,0,,
e5,26,34.31,LW,jan 8th 2020,DF,0,,
e5,27,28.95,LW,jan 8th 2020,DF,0,,
e5,28,31.11,LW,jan 8th 2020,DF,0,,
e5,29,28.39,LW,jan 8th 2020,DF,0,,
e5,30,34.38,LW,jan 8th 2020,DF,0,,
e5,31,42.07,LW,jan 8th 2020,DF,0,,
e5,32,27.79,LW,jan 8th 2020,DF,0,,
e5,33,35.19,LW,jan 8th 2020,DF,0,,
e5,34,37.02,LW,jan 8th 2020,DF,0,,
e5,35,39.63,LW,jan 8th 2020,DF,0,,
e5,36,31.75,LW,jan 8th 2020,DF,0,,
e5,37,29.18,LW,jan 8th 2020,DF,0,,
e5,38,30.81,LW,jan 8th 2020,DF,0,,
e5,39,29.45,LW,jan 8th 2020,DF,0,,
e5,40,31.85,LW,jan 8th 2020,DF,0,,
e5,41,34.31,LW,jan 8th 2020,DF,0,,
e5,42,31.9,LW,jan 8th 2020,DF,0,,
e5,43,30.61,LW,jan 8th 2020,DF,0,,
e5,44,29.98,LW,jan 8th 2020,DF,0,,
e5,45,33.64,LW,jan 8th 2020,DF,0,,
e5,46,45.93,LW,jan 8th 2020,DF,0,,
e5,47,28.65,LW,jan 8th 2020,DF,0,,
e5,48,40.81,LW,jan 8th 2020,DF,0,,
e5,49,29.29,LW,jan 8th 2020,DF,0,,
e5,50,30.82,LW,jan 8th 2020,DF,0,,
e5,51,31.69,LW,jan 8th 2020,DF,0,,
e5,52,30.99,LW,jan 8th 2020,DF,0,,
e5,53,29.84,LW,jan 8th 2020,DF,0,,
e5,54,29.51,LW,jan 8th 2020,DF,0,,
e5,55,29.61,LW,jan 8th 2020,DF,0,,
e5,56,39.95,LW,jan 8th 2020,DF,0,,
e5,57,29.6,LW,jan 8th 2020,DF,0,,
e5,58,30.74,LW,jan 8th 2020,DF,0,,
e5,59,30.27,LW,jan 8th 2020,DF,0,,
e5,60,37.02,LW,jan 8th 2020,DF,0,,
e5,61,41.01,LW,jan 8th 2020,DF,0,,
e5,62,34.9,LW,jan 8th 2020,DF,0,,
e5,63,30.94,LW,jan 8th 2020,DF,0,,
e5,64,30.35,LW,jan 8th 2020,DF,0,,
e5,65,33.03,LW,jan 8th 2020,DF,0,,
e5,66,29.55,LW,jan 8th 2020,DF,0,,
e5,67,29.36,LW,jan 8th 2020,DF,0,,
e5,68,32.06,LW,jan 8th 2020,DF,0,,
e5,69,30.68,LW,jan 8th 2020,DF,0,,
e5,70,31.28,LW,jan 8th 2020,DF,0,,
e5,71,33.18,LW,jan 8th 2020,DF,0,,
e5,72,29.93,LW,jan 8th 2020,DF,0,,
e5,73,33.41,LW,jan 8th 2020,DF,0,,
e5,74,29.43,LW,jan 8th 2020,DF,0,,
e5,75,43.05,LW,jan 8th 2020,DF,0,,
e5,76,32.05,LW,jan 8th 2020,DF,0,,
e5,77,40.23,LW,jan 8th 2020,DF,0,,
e5,78,28.74,LW,jan 8th 2020,DF,0,,
e5,79,36.47,LW,jan 8th 2020,DF,0,,
e5,80,35.77,LW,jan 8th 2020,DF,0,,
e5,81,36.29,LW,jan 8th 2020,DF,0,,
e5,82,29.24,LW,jan 8th 2020,DF,0,,
e5,83,30.99,LW,jan 8th 2020,DF,0,,
e5,84,28.97,LW,jan 8th 2020,DF,0,,
e5,85,36.16,LW,jan 8th 2020,DF,0,,
e5,86,36.94,LW,jan 8th 2020,DF,0,,
e5,87,30.09,LW,jan 8th 2020,DF,0,,
e5,88,38.16,LW,jan 8th 2020,DF,0,,
e5,89,29.9,LW,jan 8th 2020,DF,0,,
e5,90,32.65,LW,jan 8th 2020,DF,0,,
e5,91,38.8,LW,jan 8th 2020,DF,0,,
e5,92,30.35,LW,jan 8th 2020,DF,0,,
e5,93,37.44,LW,jan 8th 2020,DF,0,,
e5,94,36.8,LW,jan 8th 2020,DF,0,,
e5,95,32.28,LW,jan 8th 2020,DF,0,,
e5,96,32.67,LW,jan 8th 2020,DF,0,,
e5,97,32.98,LW,jan 8th 2020,DF,0,,
e5,98,36.4,LW,jan 8th 2020,DF,0,,
e5,99,69.75,LW,jan 8th 2020,DF,0,,
e5,100,59.14,LW,jan 8th 2020,DF,0,,
e5,101,70.65,LW,jan 8th 2020,DF,0,,
e5,102,79.11,LW,jan 8th 2020,DF,0,,
e5,103,71.06,LW,jan 8th 2020,DF,0,,
e5,104,30.54,LW,jan 8th 2020,DF,0,,
e5,105,38.57,LW,jan 8th 2020,DF,0,,
e5,106,29.01,LW,jan 8th 2020,DF,0,,
e5,107,31.64,LW,jan 8th 2020,DF,0,,
e5,108,28.95,LW,jan 8th 2020,DF,0,,
e5,109,35.94,LW,jan 8th 2020,DF,0,,
e5,110,29.9,LW,jan 8th 2020,DF,0,,
e5,111,40.58,LW,jan 8th 2020,DF,0,,
e5,112,37.22,LW,jan 8th 2020,DF,0,,
e5,113,44.58,LW,jan 8th 2020,DF,0,,
e5,114,39.48,LW,jan 8th 2020,DF,0,,
e5,115,37.61,LW,jan 8th 2020,DF,0,,
e5,116,35.99,LW,jan 8th 2020,DF,0,,
e5,117,37.45,LW,jan 8th 2020,DF,0,,
e5,118,69.53,LW,jan 8th 2020,DF,0,,
e5,119,38.33,LW,jan 8th 2020,DF,0,,
e5,120,43.06,LW,jan 8th 2020,DF,0,,
e5,121,32.16,LW,jan 8th 2020,DF,0,,
e5,122,44.63,LW,jan 8th 2020,DF,0,,
e5,123,50.24,LW,jan 8th 2020,DF,0,,
e5,124,32.17,LW,jan 8th 2020,DF,0,,
e5,125,35.87,LW,jan 8th 2020,DF,0,,
e5,126,40.75,LW,jan 8th 2020,DF,0,,
e5,127,31.29,LW,jan 8th 2020,DF,0,,
e5,128,48.55,LW,jan 8th 2020,DF,0,,
e5,129,30.51,LW,jan 8th 2020,DF,0,,
e5,130,33.62,LW,jan 8th 2020,DF,0,,
e5,131,41.56,LW,jan 8th 2020,DF,0,,
e5,132,31.66,LW,jan 8th 2020,DF,0,,
e5,133,30.37,LW,jan 8th 2020,DF,0,,
e5,134,34.83,LW,jan 8th 2020,DF,0,,
e5,135,29.69,LW,jan 8th 2020,DF,0,,
e5,136,60.71,LW,jan 8th 2020,DF,0,,
e5,137,48.6,LW,jan 8th 2020,DF,0,,
e5,138,44.05,LW,jan 8th 2020,DF,0,,
e5,139,33.11,LW,jan 8th 2020,DF,0,,
e5,140,30.66,LW,jan 8th 2020,DF,0,,
e5,141,33.68,LW,jan 8th 2020,DF,0,,
e5,142,37.91,LW,jan 8th 2020,DF,0,,
e5,143,36.63,LW,jan 8th 2020,DF,0,,
e5,144,30.33,LW,jan 8th 2020,DF,0,,
e5,145,43.25,LW,jan 8th 2020,DF,0,,
e5,146,28.74,LW,jan 8th 2020,DF,0,,
e5,147,28.51,LW,jan 8th 2020,DF,0,,
e5,148,49.68,LW,jan 8th 2020,DF,0,,
e5,149,33.42,LW,jan 8th 2020,DF,0,,
e5,150,30.2,LW,jan 8th 2020,DF,0,,
e5,151,30.74,LW,jan 8th 2020,DF,0,,
e5,152,32.21,LW,jan 8th 2020,DF,0,,
e5,153,45.2,LW,jan 8th 2020,DF,0,,
e5,154,30.4,LW,jan 8th 2020,DF,0,,
e5,155,31.12,LW,jan 8th 2020,DF,0,,
e5,156,29.51,LW,jan 8th 2020,DF,0,,
e5,157,31.1,LW,jan 8th 2020,DF,0,,
e5,158,32.15,LW,jan 8th 2020,DF,0,,
e5,159,30.13,LW,jan 8th 2020,DF,0,,
e5,160,36.23,LW,jan 8th 2020,DF,0,,
e5,161,38.47,LW,jan 8th 2020,DF,0,,
e5,162,30.64,LW,jan 8th 2020,DF,0,,
e5,163,32.28,LW,jan 8th 2020,DF,0,,
e5,164,36.93,LW,jan 8th 2020,DF,0,,
e5,165,35.01,LW,jan 8th 2020,DF,0,,
e5,166,32.22,LW,jan 8th 2020,DF,0,,
e5,167,31.54,LW,jan 8th 2020,DF,0,,
e5,168,47.4,LW,jan 8th 2020,DF,0,,
e5,169,29.98,LW,jan 8th 2020,DF,0,,
e5,170,32.8,LW,jan 8th 2020,DF,0,,
e5,171,29.31,LW,jan 8th 2020,DF,0,,
e5,172,29.94,LW,jan 8th 2020,DF,0,,
e5,173,35.44,LW,jan 8th 2020,DF,0,,
e5,174,35.39,LW,jan 8th 2020,DF,0,,
e5,175,29.34,LW,jan 8th 2020,DF,0,,
e5,176,33.96,LW,jan 8th 2020,DF,0,,
e5,177,30.1,LW,jan 8th 2020,DF,0,,
e5,178,29.36,LW,jan 8th 2020,DF,0,,
e5,179,37.21,LW,jan 8th 2020,DF,0,,
e5,180,30.92,LW,jan 8th 2020,DF,0,,
e5,181,32.76,LW,jan 8th 2020,DF,0,,
e5,182,28.82,LW,jan 8th 2020,DF,0,,
e5,183,32.35,LW,jan 8th 2020,DF,0,,
e5,184,30.94,LW,jan 8th 2020,DF,0,,
e5,185,30.64,LW,jan 8th 2020,DF,0,,
e5,186,32.28,LW,jan 8th 2020,DF,0,,
e5,187,30.7,LW,jan 8th 2020,DF,0,,
e5,188,32.03,LW,jan 8th 2020,DF,0,,
e5,189,28.56,LW,jan 8th 2020,DF,0,,
e5,190,31.83,LW,jan 8th 2020,DF,0,,
e5,191,33.94,LW,jan 8th 2020,DF,0,,
e5,192,29.81,LW,jan 8th 2020,DF,0,,
e5,193,31.33,LW,jan 8th 2020,DF,0,,
e5,194,29.25,LW,jan 8th 2020,DF,0,,
e5,195,29.29,LW,jan 8th 2020,DF,0,,
e5,196,30.88,LW,jan 8th 2020,DF,0,,
e5,197,31.7,LW,jan 8th 2020,DF,0,,
e5,198,33.76,LW,jan 8th 2020,DF,0,,
e5,199,43.5,LW,jan 8th 2020,DF,0,,
e5,200,28.32,LW,jan 8th 2020,DF,0,,
e6,1,47.83,df,Jan 9th 2020,DF,0,,
e6,2,NA,df,Jan 9th 2020,DF,0,,
e6,3,42.29,df,Jan 9th 2020,DF,0,,
e6,4,NA,df,Jan 9th 2020,DF,0,,
e6,5,40.39,df,Jan 9th 2020,DF,0,,
e6,6,32.56,df,Jan 9th 2020,DF,0,,
e6,7,36.26,df,Jan 9th 2020,DF,0,,
e6,8,36.84,df,Jan 9th 2020,DF,0,,
e6,9,35.1,df,Jan 9th 2020,DF,0,,
e6,10,NA,df,Jan 9th 2020,DF,0,,
e6,11,36.27,df,Jan 9th 2020,DF,0,,
e6,12,31.79,df,Jan 9th 2020,DF,0,,
e6,13,39.61,df,Jan 9th 2020,DF,0,,
e6,14,32.72,df,Jan 9th 2020,DF,0,,
e6,15,32.12,df,Jan 9th 2020,DF,0,,
e6,16,34.83,df,Jan 9th 2020,DF,0,,
e6,17,34.26,df,Jan 9th 2020,DF,0,,
e6,18,40.64,df,Jan 9th 2020,DF,0,,
e6,19,45.78,df,Jan 9th 2020,DF,0,,
e6,20,42.01,df,Jan 9th 2020,DF,0,,
e6,21,36.29,df,Jan 9th 2020,DF,0,,
e6,22,43.31,df,Jan 9th 2020,DF,0,,
e6,23,42.44,df,Jan 9th 2020,DF,0,,
e6,24,33.48,df,Jan 9th 2020,DF,0,,
e6,25,40.55,df,Jan 9th 2020,DF,0,,
e6,26,36.55,df,Jan 9th 2020,DF,0,,
e6,27,28.83,df,Jan 9th 2020,DF,0,,
e6,28,52.5,df,Jan 9th 2020,DF,0,,
e6,29,29.89,df,Jan 9th 2020,DF,0,,
e6,30,34.35,df,Jan 9th 2020,DF,0,,
e6,31,57.32,df,Jan 9th 2020,DF,0,,
e6,32,36.12,df,Jan 9th 2020,DF,0,,
e6,33,51.69,df,Jan 9th 2020,DF,0,,
e6,34,45.11,df,Jan 9th 2020,DF,0,,
e6,35,34.58,df,Jan 9th 2020,DF,0,,
e6,36,38.42,df,Jan 9th 2020,DF,0,,
e6,37,33.2,df,Jan 9th 2020,DF,0,,
e6,38,35.54,df,Jan 9th 2020,DF,0,,
e6,39,28.87,df,Jan 9th 2020,DF,0,,
e6,40,36.75,df,Jan 9th 2020,DF,0,,
e6,41,37.32,df,Jan 9th 2020,DF,0,,
e6,42,29.77,df,Jan 9th 2020,DF,0,,
e6,43,35.64,df,Jan 9th 2020,DF,0,,
e6,44,32.64,df,Jan 9th 2020,DF,0,,
e6,45,30.65,df,Jan 9th 2020,DF,0,,
e6,46,36.97,df,Jan 9th 2020,DF,0,,
e6,47,36.98,df,Jan 9th 2020,DF,0,,
e6,48,36.45,df,Jan 9th 2020,DF,0,,
e6,49,40,df,Jan 9th 2020,DF,0,,
e6,50,38.2,df,Jan 9th 2020,DF,0,,
e6,51,43.56,df,Jan 9th 2020,DF,0,,
e6,52,30.37,df,Jan 9th 2020,DF,0,,
e6,53,35.06,df,Jan 9th 2020,DF,0,,
e6,54,31.06,df,Jan 9th 2020,DF,0,,
e6,55,28.75,df,Jan 9th 2020,DF,0,,
e6,56,30.79,df,Jan 9th 2020,DF,0,,
e6,57,35.86,df,Jan 9th 2020,DF,0,,
e6,58,32.88,df,Jan 9th 2020,DF,0,,
e6,59,35.19,df,Jan 9th 2020,DF,0,,
e6,60,35.82,df,Jan 9th 2020,DF,0,,
e6,61,52.21,df,Jan 9th 2020,DF,0,,
e6,62,43.08,df,Jan 9th 2020,DF,0,,
e6,63,30.81,df,Jan 9th 2020,DF,0,,
e6,64,29.45,df,Jan 9th 2020,DF,0,,
e6,65,33.47,df,Jan 9th 2020,DF,0,,
e6,66,31.04,df,Jan 9th 2020,DF,0,,
e6,67,36.8,df,Jan 9th 2020,DF,0,,
e6,68,52.67,df,Jan 9th 2020,DF,0,,
e6,69,38.18,df,Jan 9th 2020,DF,0,,
e6,70,33.86,df,Jan 9th 2020,DF,0,,
e6,71,38.32,df,Jan 9th 2020,DF,0,,
e6,72,38.32,df,Jan 9th 2020,DF,0,,
e6,73,33.5,df,Jan 9th 2020,DF,0,,
e6,74,40.61,df,Jan 9th 2020,DF,0,,
e6,75,29.75,df,Jan 9th 2020,DF,0,,
e6,76,36.78,df,Jan 9th 2020,DF,0,,
e6,77,32.59,df,Jan 9th 2020,DF,0,,
e6,78,46.1,df,Jan 9th 2020,DF,0,,
e6,79,48.45,df,Jan 9th 2020,DF,0,,
e6,80,34.55,df,Jan 9th 2020,DF,0,,
e6,81,36.3,df,Jan 9th 2020,DF,0,,
e6,82,40.15,df,Jan 9th 2020,DF,0,,
e6,83,34.2,df,Jan 9th 2020,DF,0,,
e6,84,47.92,df,Jan 9th 2020,DF,0,,
e6,85,38.58,df,Jan 9th 2020,DF,0,,
e6,86,32.35,df,Jan 9th 2020,DF,0,,
e6,87,33.91,df,Jan 9th 2020,DF,0,,
e6,88,40.29,df,Jan 9th 2020,DF,0,,
e6,89,60.51,df,Jan 9th 2020,DF,0,,
e6,90,41.47,df,Jan 9th 2020,DF,0,,
e6,91,29.37,df,Jan 9th 2020,DF,0,,
e6,92,39.87,df,Jan 9th 2020,DF,0,,
e6,93,42.15,df,Jan 9th 2020,DF,0,,
e6,94,34.95,df,Jan 9th 2020,DF,0,,
e6,95,40.81,df,Jan 9th 2020,DF,0,,
e6,96,56.01,df,Jan 9th 2020,DF,0,,
e6,97,35.66,df,Jan 9th 2020,DF,0,,
e6,98,47.77,df,Jan 9th 2020,DF,0,,
e6,99,76,df,Jan 9th 2020,DF,0,,
e6,100,68.29,df,Jan 9th 2020,DF,0,,
e6,101,90.08,df,Jan 9th 2020,DF,0,,
e6,102,56.93,df,Jan 9th 2020,DF,0,,
e6,103,NA,df,Jan 9th 2020,DF,0,,
e6,104,33.4,df,Jan 9th 2020,DF,0,,
e6,105,41.76,df,Jan 9th 2020,DF,0,,
e6,106,43.24,df,Jan 9th 2020,DF,0,,
e6,107,46.49,df,Jan 9th 2020,DF,0,,
e6,108,64.95,df,Jan 9th 2020,DF,0,,
e6,109,37.71,df,Jan 9th 2020,DF,0,,
e6,110,29.84,df,Jan 9th 2020,DF,0,,
e6,111,43.39,df,Jan 9th 2020,DF,0,,
e6,112,42.84,df,Jan 9th 2020,DF,0,,
e6,113,59.11,df,Jan 9th 2020,DF,0,,
e6,114,34.19,df,Jan 9th 2020,DF,0,,
e6,115,36.73,df,Jan 9th 2020,DF,0,,
e6,116,37.31,df,Jan 9th 2020,DF,0,,
e6,117,37.34,df,Jan 9th 2020,DF,0,,
e6,118,47.16,df,Jan 9th 2020,DF,0,,
e6,119,39.71,df,Jan 9th 2020,DF,0,,
e6,120,38.65,df,Jan 9th 2020,DF,0,,
e6,121,37.51,df,Jan 9th 2020,DF,0,,
e6,122,43.73,df,Jan 9th 2020,DF,0,,
e6,123,72.25,df,Jan 9th 2020,DF,0,,
e6,124,35.63,df,Jan 9th 2020,DF,0,,
e6,125,40.01,df,Jan 9th 2020,DF,0,,
e6,126,30.83,df,Jan 9th 2020,DF,0,,
e6,127,31.54,df,Jan 9th 2020,DF,0,,
e6,128,38.95,df,Jan 9th 2020,DF,0,,
e6,129,32.65,df,Jan 9th 2020,DF,0,,
e6,130,45.11,df,Jan 9th 2020,DF,0,,
e6,131,39.3,df,Jan 9th 2020,DF,0,,
e6,132,31.91,df,Jan 9th 2020,DF,0,,
e6,133,47.41,df,Jan 9th 2020,DF,0,,
e6,134,NA,df,Jan 9th 2020,DF,0,,
e6,135,34.88,df,Jan 9th 2020,DF,0,,
e6,136,29.98,df,Jan 9th 2020,DF,0,,
e6,137,35.75,df,Jan 9th 2020,DF,0,,
e6,138,61.63,df,Jan 9th 2020,DF,0,,
e6,139,NA,df,Jan 9th 2020,DF,0,,
e6,140,39.86,df,Jan 9th 2020,DF,0,,
e6,141,46.23,df,Jan 9th 2020,DF,0,,
e6,142,41.23,df,Jan 9th 2020,DF,0,,
e6,143,44.86,df,Jan 9th 2020,DF,0,,
e6,144,32.06,df,Jan 9th 2020,DF,0,,
e6,145,48.29,df,Jan 9th 2020,DF,0,,
e6,146,37.13,df,Jan 9th 2020,DF,0,,
e6,147,38.7,df,Jan 9th 2020,DF,0,,
e6,148,55.09,df,Jan 9th 2020,DF,0,,
e6,149,39.12,df,Jan 9th 2020,DF,0,,
e6,150,37.86,df,Jan 9th 2020,DF,0,,
e6,151,35.51,df,Jan 9th 2020,DF,0,,
e6,152,36.58,df,Jan 9th 2020,DF,0,,
e6,153,62.23,df,Jan 9th 2020,DF,0,,
e6,154,29.89,df,Jan 9th 2020,DF,0,,
e6,155,48.27,df,Jan 9th 2020,DF,0,,
e6,156,38.01,df,Jan 9th 2020,DF,0,,
e6,157,39.34,df,Jan 9th 2020,DF,0,,
e6,158,51.76,df,Jan 9th 2020,DF,0,,
e6,159,34.64,df,Jan 9th 2020,DF,0,,
e6,160,32.92,df,Jan 9th 2020,DF,0,,
e6,161,37.47,df,Jan 9th 2020,DF,0,,
e6,162,34.47,df,Jan 9th 2020,DF,0,,
e6,163,46.73,df,Jan 9th 2020,DF,0,,
e6,164,34.02,df,Jan 9th 2020,DF,0,,
e6,165,40.32,df,Jan 9th 2020,DF,0,,
e6,166,33.81,df,Jan 9th 2020,DF,0,,
e6,167,35.84,df,Jan 9th 2020,DF,0,,
e6,168,39.37,df,Jan 9th 2020,DF,0,,
e6,169,34.97,df,Jan 9th 2020,DF,0,,
e6,170,33.88,df,Jan 9th 2020,DF,0,,
e6,171,32.71,df,Jan 9th 2020,DF,0,,
e6,172,50.6,df,Jan 9th 2020,DF,0,,
e6,173,52.32,df,Jan 9th 2020,DF,0,,
e6,174,30.08,df,Jan 9th 2020,DF,0,,
e6,175,41.56,df,Jan 9th 2020,DF,0,,
e6,176,32.47,df,Jan 9th 2020,DF,0,,
e6,177,32.92,df,Jan 9th 2020,DF,0,,
e6,178,38.21,df,Jan 9th 2020,DF,0,,
e6,179,46.91,df,Jan 9th 2020,DF,0,,
e6,180,40.91,df,Jan 9th 2020,DF,0,,
e6,181,40.37,df,Jan 9th 2020,DF,0,,
e6,182,36.92,df,Jan 9th 2020,DF,0,,
e6,183,33.09,df,Jan 9th 2020,DF,0,,
e6,184,39.52,df,Jan 9th 2020,DF,0,,
e6,185,43.79,df,Jan 9th 2020,DF,0,,
e6,186,37.35,df,Jan 9th 2020,DF,0,,
e6,187,32.21,df,Jan 9th 2020,DF,0,,
e6,188,64.24,df,Jan 9th 2020,DF,0,,
e6,189,36.67,df,Jan 9th 2020,DF,0,,
e6,190,35.47,df,Jan 9th 2020,DF,0,,
e6,191,36.7,df,Jan 9th 2020,DF,0,,
e6,192,35.57,df,Jan 9th 2020,DF,0,,
e6,193,34.01,df,Jan 9th 2020,DF,0,,
e6,194,33.91,df,Jan 9th 2020,DF,0,,
e6,195,42,df,Jan 9th 2020,DF,0,,
e6,196,36.5,df,Jan 9th 2020,DF,0,,
e6,197,44.9,df,Jan 9th 2020,DF,0,,
e6,198,58.52,df,Jan 9th 2020,DF,0,,
e6,199,44.87,df,Jan 9th 2020,DF,0,,
e6,200,38.69,df,Jan 9th 2020,DF,0,,
e7,1,38.25,df,Jan 14th 2020,DF,0,,
e7,2,34.7,df,Jan 14th 2020,DF,0,,
e7,3,32.55,df,Jan 14th 2020,DF,0,,
e7,4,30.18,df,Jan 14th 2020,DF,0,,
e7,5,32.53,df,Jan 14th 2020,DF,0,,
e7,6,33.89,df,Jan 14th 2020,DF,0,,
e7,7,31.82,df,Jan 14th 2020,DF,0,,
e7,8,29.54,df,Jan 14th 2020,DF,0,,
e7,9,29.89,df,Jan 14th 2020,DF,0,,
e7,10,30.83,df,Jan 14th 2020,DF,0,,
e7,11,32.2,df,Jan 14th 2020,DF,0,,
e7,12,32.13,df,Jan 14th 2020,DF,0,,
e7,13,29.82,df,Jan 14th 2020,DF,0,,
e7,14,37.87,df,Jan 14th 2020,DF,0,,
e7,15,31.04,df,Jan 14th 2020,DF,0,,
e7,16,30.63,df,Jan 14th 2020,DF,0,,
e7,17,30.63,df,Jan 14th 2020,DF,0,,
e7,18,29.45,df,Jan 14th 2020,DF,0,,
e7,19,31.18,df,Jan 14th 2020,DF,0,,
e7,20,28.89,df,Jan 14th 2020,DF,0,,
e7,21,33.88,df,Jan 14th 2020,DF,0,,
e7,22,31.09,df,Jan 14th 2020,DF,0,,
e7,23,31.26,df,Jan 14th 2020,DF,0,,
e7,24,36.73,df,Jan 14th 2020,DF,0,,
e7,25,28.56,df,Jan 14th 2020,DF,0,,
e7,26,28.95,df,Jan 14th 2020,DF,0,,
e7,27,30.94,df,Jan 14th 2020,DF,0,,
e7,28,33.45,df,Jan 14th 2020,DF,0,,
e7,29,30.44,df,Jan 14th 2020,DF,0,,
e7,30,29.44,df,Jan 14th 2020,DF,0,,
e7,31,35.73,df,Jan 14th 2020,DF,0,,
e7,32,31.43,df,Jan 14th 2020,DF,0,,
e7,33,34.05,df,Jan 14th 2020,DF,0,,
e7,34,29.75,df,Jan 14th 2020,DF,0,,
e7,35,38.36,df,Jan 14th 2020,DF,0,,
e7,36,29.66,df,Jan 14th 2020,DF,0,,
e7,37,30.24,df,Jan 14th 2020,DF,0,,
e7,38,33.32,df,Jan 14th 2020,DF,0,,
e7,39,32.83,df,Jan 14th 2020,DF,0,,
e7,40,32.41,df,Jan 14th 2020,DF,0,,
e7,41,31.87,df,Jan 14th 2020,DF,0,,
e7,42,30.41,df,Jan 14th 2020,DF,0,,
e7,43,NA,df,Jan 14th 2020,DF,0,,
e7,44,29.32,df,Jan 14th 2020,DF,0,,
e7,45,29.35,df,Jan 14th 2020,DF,0,,
e7,46,31.15,df,Jan 14th 2020,DF,0,,
e7,47,31.29,df,Jan 14th 2020,DF,0,,
e7,48,33.22,df,Jan 14th 2020,DF,0,,
e7,49,32.32,df,Jan 14th 2020,DF,0,,
e7,50,31.92,df,Jan 14th 2020,DF,0,,
e7,51,31.45,df,Jan 14th 2020,DF,0,,
e7,52,31.35,df,Jan 14th 2020,DF,0,,
e7,53,32.51,df,Jan 14th 2020,DF,0,,
e7,54,30.34,df,Jan 14th 2020,DF,0,,
e7,55,31.95,df,Jan 14th 2020,DF,0,,
e7,56,37.34,df,Jan 14th 2020,DF,0,,
e7,57,35,df,Jan 14th 2020,DF,0,,
e7,58,31.29,df,Jan 14th 2020,DF,0,,
e7,59,32.39,df,Jan 14th 2020,DF,0,,
e7,60,31.86,df,Jan 14th 2020,DF,0,,
e7,61,33.75,df,Jan 14th 2020,DF,0,,
e7,62,35.65,df,Jan 14th 2020,DF,0,,
e7,63,29.49,df,Jan 14th 2020,DF,0,,
e7,64,31,df,Jan 14th 2020,DF,0,,
e7,65,35.25,df,Jan 14th 2020,DF,0,,
e7,66,32.77,df,Jan 14th 2020,DF,0,,
e7,67,34.14,df,Jan 14th 2020,DF,0,,
e7,68,34.56,df,Jan 14th 2020,DF,0,,
e7,69,30.69,df,Jan 14th 2020,DF,0,,
e7,70,34.99,df,Jan 14th 2020,DF,0,,
e7,71,33.39,df,Jan 14th 2020,DF,0,,
e7,72,29.54,df,Jan 14th 2020,DF,0,,
e7,73,39.58,df,Jan 14th 2020,DF,0,,
e7,74,35.93,df,Jan 14th 2020,DF,0,,
e7,75,32.31,df,Jan 14th 2020,DF,0,,
e7,76,48.82,df,Jan 14th 2020,DF,0,,
e7,77,32.31,df,Jan 14th 2020,DF,0,,
e7,78,30.28,df,Jan 14th 2020,DF,0,,
e7,79,42.72,df,Jan 14th 2020,DF,0,,
e7,80,30.83,df,Jan 14th 2020,DF,0,,
e7,81,34.78,df,Jan 14th 2020,DF,0,,
e7,82,32.47,df,Jan 14th 2020,DF,0,,
e7,83,35.06,df,Jan 14th 2020,DF,0,,
e7,84,32.9,df,Jan 14th 2020,DF,0,,
e7,85,38.83,df,Jan 14th 2020,DF,0,,
e7,86,36,df,Jan 14th 2020,DF,0,,
e7,87,35.69,df,Jan 14th 2020,DF,0,,
e7,88,33.7,df,Jan 14th 2020,DF,0,,
e7,89,34.02,df,Jan 14th 2020,DF,0,,
e7,90,35.42,df,Jan 14th 2020,DF,0,,
e7,91,35.68,df,Jan 14th 2020,DF,0,,
e7,92,35.67,df,Jan 14th 2020,DF,0,,
e7,93,29.91,df,Jan 14th 2020,DF,0,,
e7,94,41.83,df,Jan 14th 2020,DF,0,,
e7,95,30.64,df,Jan 14th 2020,DF,0,,
e7,96,47.21,df,Jan 14th 2020,DF,0,,
e7,97,45.12,df,Jan 14th 2020,DF,0,,
e7,98,32.93,df,Jan 14th 2020,DF,0,,
e7,99,47.6,df,Jan 14th 2020,DF,0,,
e7,100,43.56,df,Jan 14th 2020,DF,0,,
e7,101,46.8,df,Jan 14th 2020,DF,0,,
e7,102,33.21,df,Jan 14th 2020,DF,0,,
e7,103,36.56,df,Jan 14th 2020,DF,0,,
e7,104,32.56,df,Jan 14th 2020,DF,0,,
e7,105,40.26,df,Jan 14th 2020,DF,0,,
e7,106,34.93,df,Jan 14th 2020,DF,0,,
e7,107,29.85,df,Jan 14th 2020,DF,0,,
e7,108,37.33,df,Jan 14th 2020,DF,0,,
e7,109,34.78,df,Jan 14th 2020,DF,0,,
e7,110,28.47,df,Jan 14th 2020,DF,0,,
e7,111,33.66,df,Jan 14th 2020,DF,0,,
e7,112,33.47,df,Jan 14th 2020,DF,0,,
e7,113,39,df,Jan 14th 2020,DF,0,,
e7,114,30.7,df,Jan 14th 2020,DF,0,,
e7,115,44.17,df,Jan 14th 2020,DF,0,,
e7,116,33.21,df,Jan 14th 2020,DF,0,,
e7,117,34.46,df,Jan 14th 2020,DF,0,,
e7,118,33.14,df,Jan 14th 2020,DF,0,,
e7,119,37.23,df,Jan 14th 2020,DF,0,,
e7,120,28.69,df,Jan 14th 2020,DF,0,,
e7,121,34.27,df,Jan 14th 2020,DF,0,,
e7,122,31.71,df,Jan 14th 2020,DF,0,,
e7,123,33.1,df,Jan 14th 2020,DF,0,,
e7,124,30.88,df,Jan 14th 2020,DF,0,,
e7,125,38.87,df,Jan 14th 2020,DF,0,,
e7,126,32.79,df,Jan 14th 2020,DF,0,,
e7,127,36.82,df,Jan 14th 2020,DF,0,,
e7,128,29.12,df,Jan 14th 2020,DF,0,,
e7,129,34.48,df,Jan 14th 2020,DF,0,,
e7,130,30.52,df,Jan 14th 2020,DF,0,,
e7,131,33.13,df,Jan 14th 2020,DF,0,,
e7,132,36.07,df,Jan 14th 2020,DF,0,,
e7,133,30.81,df,Jan 14th 2020,DF,0,,
e7,134,32.85,df,Jan 14th 2020,DF,0,,
e7,135,33.81,df,Jan 14th 2020,DF,0,,
e7,136,33.89,df,Jan 14th 2020,DF,0,,
e7,137,31.51,df,Jan 14th 2020,DF,0,,
e7,138,33.04,df,Jan 14th 2020,DF,0,,
e7,139,34.44,df,Jan 14th 2020,DF,0,,
e7,140,29.47,df,Jan 14th 2020,DF,0,,
e7,141,34.45,df,Jan 14th 2020,DF,0,,
e7,142,34.84,df,Jan 14th 2020,DF,0,,
e7,143,27.51,df,Jan 14th 2020,DF,0,,
e7,144,32.92,df,Jan 14th 2020,DF,0,,
e7,145,36.35,df,Jan 14th 2020,DF,0,,
e7,146,32.94,df,Jan 14th 2020,DF,0,,
e7,147,30.29,df,Jan 14th 2020,DF,0,,
e7,148,33.08,df,Jan 14th 2020,DF,0,,
e7,149,34.91,df,Jan 14th 2020,DF,0,,
e7,150,36.56,df,Jan 14th 2020,DF,0,,
e7,151,33.09,df,Jan 14th 2020,DF,0,,
e7,152,28.18,df,Jan 14th 2020,DF,0,,
e7,153,33.65,df,Jan 14th 2020,DF,0,,
e7,154,30.74,df,Jan 14th 2020,DF,0,,
e7,155,28.8,df,Jan 14th 2020,DF,0,,
e7,156,34.47,df,Jan 14th 2020,DF,0,,
e7,157,36.24,df,Jan 14th 2020,DF,0,,
e7,158,36.24,df,Jan 14th 2020,DF,0,,
e7,159,31.5,df,Jan 14th 2020,DF,0,,
e7,160,32.18,df,Jan 14th 2020,DF,0,,
e7,161,28.6,df,Jan 14th 2020,DF,0,,
e7,162,38.71,df,Jan 14th 2020,DF,0,,
e7,163,30.91,df,Jan 14th 2020,DF,0,,
e7,164,33.93,df,Jan 14th 2020,DF,0,,
e7,165,42.12,df,Jan 14th 2020,DF,0,,
e7,166,31.05,df,Jan 14th 2020,DF,0,,
e7,167,31.48,df,Jan 14th 2020,DF,0,,
e7,168,34.58,df,Jan 14th 2020,DF,0,,
e7,169,30.67,df,Jan 14th 2020,DF,0,,
e7,170,33.01,df,Jan 14th 2020,DF,0,,
e7,171,33.89,df,Jan 14th 2020,DF,0,,
e7,172,35.45,df,Jan 14th 2020,DF,0,,
e7,173,31.48,df,Jan 14th 2020,DF,0,,
e7,174,29.38,df,Jan 14th 2020,DF,0,,
e7,175,31.28,df,Jan 14th 2020,DF,0,,
e7,176,30.53,df,Jan 14th 2020,DF,0,,
e7,177,28.23,df,Jan 14th 2020,DF,0,,
e7,178,34.81,df,Jan 14th 2020,DF,0,,
e7,179,29.55,df,Jan 14th 2020,DF,0,,
e7,180,33.37,df,Jan 14th 2020,DF,0,,
e7,181,35.07,df,Jan 14th 2020,DF,0,,
e7,182,33.16,df,Jan 14th 2020,DF,0,,
e7,183,29.26,df,Jan 14th 2020,DF,0,,
e7,184,33.76,df,Jan 14th 2020,DF,0,,
e7,185,26.83,df,Jan 14th 2020,DF,0,,
e7,186,27.59,df,Jan 14th 2020,DF,0,,
e7,187,29.7,df,Jan 14th 2020,DF,0,,
e7,188,36.6,df,Jan 14th 2020,DF,0,,
e7,189,30.29,df,Jan 14th 2020,DF,0,,
e7,190,34.41,df,Jan 14th 2020,DF,0,,
e7,191,37.73,df,Jan 14th 2020,DF,0,,
e7,192,29.47,df,Jan 14th 2020,DF,0,,
e7,193,33.44,df,Jan 14th 2020,DF,0,,
e7,194,30.26,df,Jan 14th 2020,DF,0,,
e7,195,28.89,df,Jan 14th 2020,DF,0,,
e7,196,32.72,df,Jan 14th 2020,DF,0,,
e7,197,28.28,df,Jan 14th 2020,DF,0,,
e7,198,30.21,df,Jan 14th 2020,DF,0,,
e7,199,29.75,df,Jan 14th 2020,DF,0,,
e7,200,34.34,df,Jan 14th 2020,DF,0,,
e7,201,30.16,df,Jan 14th 2020,DF,0,,
e7,202,30.68,df,Jan 14th 2020,DF,0,,
e8,1,46.29,df,jan 14th 2020,DF,0,,
e8,2,38.64,df,jan 14th 2020,DF,0,,
e8,3,42.82,df,jan 14th 2020,DF,0,,
e8,4,33.37,df,jan 14th 2020,DF,0,,
e8,5,38.18,df,jan 14th 2020,DF,0,,
e8,6,39.42,df,jan 14th 2020,DF,0,,
e8,7,33.63,df,jan 14th 2020,DF,0,,
e8,8,44.56,df,jan 14th 2020,DF,0,,
e8,9,31.56,df,jan 14th 2020,DF,0,,
e8,10,33.69,df,jan 14th 2020,DF,0,,
e8,11,33.06,df,jan 14th 2020,DF,0,,
e8,12,42.88,df,jan 14th 2020,DF,0,,
e8,13,31.68,df,jan 14th 2020,DF,0,,
e8,14,33.99,df,jan 14th 2020,DF,0,,
e8,15,31.65,df,jan 14th 2020,DF,0,,
e8,16,32.47,df,jan 14th 2020,DF,0,,
e8,17,31.69,df,jan 14th 2020,DF,0,,
e8,18,30,df,jan 14th 2020,DF,0,,
e8,19,31.1,df,jan 14th 2020,DF,0,,
e8,20,31.11,df,jan 14th 2020,DF,0,,
e8,21,38.48,df,jan 14th 2020,DF,0,,
e8,22,32.06,df,jan 14th 2020,DF,0,,
e8,23,35.23,df,jan 14th 2020,DF,0,,
e8,24,31.66,df,jan 14th 2020,DF,0,,
e8,25,34.56,df,jan 14th 2020,DF,0,,
e8,26,44.07,df,jan 14th 2020,DF,0,,
e8,27,29.23,df,jan 14th 2020,DF,0,,
e8,28,31.22,df,jan 14th 2020,DF,0,,
e8,29,41.07,df,jan 14th 2020,DF,0,,
e8,30,31.21,df,jan 14th 2020,DF,0,,
e8,31,30.97,df,jan 14th 2020,DF,0,,
e8,32,29.73,df,jan 14th 2020,DF,0,,
e8,33,34.46,df,jan 14th 2020,DF,0,,
e8,34,30.95,df,jan 14th 2020,DF,0,,
e8,35,33.09,df,jan 14th 2020,DF,0,,
e8,36,42.9,df,jan 14th 2020,DF,0,,
e8,37,30.35,df,jan 14th 2020,DF,0,,
e8,38,33.4,df,jan 14th 2020,DF,0,,
e8,39,34.15,df,jan 14th 2020,DF,0,,
e8,40,36.34,df,jan 14th 2020,DF,0,,
e8,41,32.06,df,jan 14th 2020,DF,0,,
e8,42,30.56,df,jan 14th 2020,DF,0,,
e8,43,38.22,df,jan 14th 2020,DF,0,,
e8,44,34.04,df,jan 14th 2020,DF,0,,
e8,45,32.49,df,jan 14th 2020,DF,0,,
e8,46,37.81,df,jan 14th 2020,DF,0,,
e8,47,36.49,df,jan 14th 2020,DF,0,,
e8,48,34.08,df,jan 14th 2020,DF,0,,
e8,49,31.64,df,jan 14th 2020,DF,0,,
e8,50,31.04,df,jan 14th 2020,DF,0,,
e8,51,37.68,df,jan 14th 2020,DF,0,,
e8,52,31,df,jan 14th 2020,DF,0,,
e8,53,32.3,df,jan 14th 2020,DF,0,,
e8,54,41.22,df,jan 14th 2020,DF,0,,
e8,55,29.52,df,jan 14th 2020,DF,0,,
e8,56,34.79,df,jan 14th 2020,DF,0,,
e8,57,33.97,df,jan 14th 2020,DF,0,,
e8,58,30.4,df,jan 14th 2020,DF,0,,
e8,59,40,df,jan 14th 2020,DF,0,,
e8,60,31.56,df,jan 14th 2020,DF,0,,
e8,61,37.85,df,jan 14th 2020,DF,0,,
e8,62,37.75,df,jan 14th 2020,DF,0,,
e8,63,35.04,df,jan 14th 2020,DF,0,,
e8,64,34.05,df,jan 14th 2020,DF,0,,
e8,65,31.51,df,jan 14th 2020,DF,0,,
e8,66,41.13,df,jan 14th 2020,DF,0,,
e8,67,32,df,jan 14th 2020,DF,0,,
e8,68,36.37,df,jan 14th 2020,DF,0,,
e8,69,34.22,df,jan 14th 2020,DF,0,,
e8,70,33.72,df,jan 14th 2020,DF,0,,
e8,71,50.46,df,jan 14th 2020,DF,0,,
e8,72,31.85,df,jan 14th 2020,DF,0,,
e8,73,34.57,df,jan 14th 2020,DF,0,,
e8,74,32.84,df,jan 14th 2020,DF,0,,
e8,75,41.56,df,jan 14th 2020,DF,0,,
e8,76,48.88,df,jan 14th 2020,DF,0,,
e8,77,33.71,df,jan 14th 2020,DF,0,,
e8,78,29.94,df,jan 14th 2020,DF,0,,
e8,79,34.77,df,jan 14th 2020,DF,0,,
e8,80,32.23,df,jan 14th 2020,DF,0,,
e8,81,34.49,df,jan 14th 2020,DF,0,,
e8,82,32.61,df,jan 14th 2020,DF,0,,
e8,83,33.51,df,jan 14th 2020,DF,0,,
e8,84,29.33,df,jan 14th 2020,DF,0,,
e8,85,30.64,df,jan 14th 2020,DF,0,,
e8,86,38.86,df,jan 14th 2020,DF,0,,
e8,87,33.03,df,jan 14th 2020,DF,0,,
e8,88,32.95,df,jan 14th 2020,DF,0,,
e8,89,30.94,df,jan 14th 2020,DF,0,,
e8,90,32.6,df,jan 14th 2020,DF,0,,
e8,91,31.02,df,jan 14th 2020,DF,0,,
e8,92,45.84,df,jan 14th 2020,DF,0,,
e8,93,36.7,df,jan 14th 2020,DF,0,,
e8,94,37.86,df,jan 14th 2020,DF,0,,
e8,95,36.32,df,jan 14th 2020,DF,0,,
e8,96,37.45,df,jan 14th 2020,DF,0,,
e8,97,31.61,df,jan 14th 2020,DF,0,,
e8,98,32.02,df,jan 14th 2020,DF,0,,
e8,99,53.2,df,jan 14th 2020,DF,0,,
e8,100,41.15,df,jan 14th 2020,DF,0,,
e8,101,39.21,df,jan 14th 2020,DF,0,,
e8,102,41.52,df,jan 14th 2020,DF,0,,
e8,103,32.49,df,jan 14th 2020,DF,0,,
e8,104,50.68,df,jan 14th 2020,DF,0,,
e8,105,35.74,df,jan 14th 2020,DF,0,,
e8,106,35.31,df,jan 14th 2020,DF,0,,
e8,107,30.42,df,jan 14th 2020,DF,0,,
e8,108,33.62,df,jan 14th 2020,DF,0,,
e8,109,32.74,df,jan 14th 2020,DF,0,,
e8,110,36.6,df,jan 14th 2020,DF,0,,
e8,111,34.67,df,jan 14th 2020,DF,0,,
e8,112,33.94,df,jan 14th 2020,DF,0,,
e8,113,42.56,df,jan 14th 2020,DF,0,,
e8,114,30.65,df,jan 14th 2020,DF,0,,
e8,115,40.15,df,jan 14th 2020,DF,0,,
e8,116,32.84,df,jan 14th 2020,DF,0,,
e8,117,37.21,df,jan 14th 2020,DF,0,,
e8,118,31.3,df,jan 14th 2020,DF,0,,
e8,119,31.4,df,jan 14th 2020,DF,0,,
e8,120,37.26,df,jan 14th 2020,DF,0,,
e8,121,34.4,df,jan 14th 2020,DF,0,,
e8,122,36.46,df,jan 14th 2020,DF,0,,
e8,123,31.92,df,jan 14th 2020,DF,0,,
e8,124,32,df,jan 14th 2020,DF,0,,
e8,125,28.8,df,jan 14th 2020,DF,0,,
e8,126,29.2,df,jan 14th 2020,DF,0,,
e8,127,33.8,df,jan 14th 2020,DF,0,,
e8,128,34.54,df,jan 14th 2020,DF,0,,
e8,129,31.63,df,jan 14th 2020,DF,0,,
e8,130,34.52,df,jan 14th 2020,DF,0,,
e8,131,33.45,df,jan 14th 2020,DF,0,,
e8,132,32.81,df,jan 14th 2020,DF,0,,
e8,133,31.61,df,jan 14th 2020,DF,0,,
e8,134,32.9,df,jan 14th 2020,DF,0,,
e8,135,46.92,df,jan 14th 2020,DF,0,,
e8,136,31.47,df,jan 14th 2020,DF,0,,
e8,137,33.32,df,jan 14th 2020,DF,0,,
e8,138,38.79,df,jan 14th 2020,DF,0,,
e8,139,29.48,df,jan 14th 2020,DF,0,,
e8,140,35.73,df,jan 14th 2020,DF,0,,
e8,141,32.06,df,jan 14th 2020,DF,0,,
e8,142,32.97,df,jan 14th 2020,DF,0,,
e8,143,32.1,df,jan 14th 2020,DF,0,,
e8,144,35.07,df,jan 14th 2020,DF,0,,
e8,145,34.99,df,jan 14th 2020,DF,0,,
e8,146,30.56,df,jan 14th 2020,DF,0,,
e8,147,37.09,df,jan 14th 2020,DF,0,,
e8,148,33.08,df,jan 14th 2020,DF,0,,
e8,149,29.55,df,jan 14th 2020,DF,0,,
e8,150,30.99,df,jan 14th 2020,DF,0,,
e8,151,30.5,df,jan 14th 2020,DF,0,,
e8,152,30.55,df,jan 14th 2020,DF,0,,
e8,153,30.82,df,jan 14th 2020,DF,0,,
e8,154,31.49,df,jan 14th 2020,DF,0,,
e8,155,32.83,df,jan 14th 2020,DF,0,,
e8,156,39.74,df,jan 14th 2020,DF,0,,
e8,157,30.68,df,jan 14th 2020,DF,0,,
e8,158,34.5,df,jan 14th 2020,DF,0,,
e8,159,31.89,df,jan 14th 2020,DF,0,,
e8,160,38.84,df,jan 14th 2020,DF,0,,
e8,161,30.89,df,jan 14th 2020,DF,0,,
e8,162,34.37,df,jan 14th 2020,DF,0,,
e8,163,34.46,df,jan 14th 2020,DF,0,,
e8,164,35.6,df,jan 14th 2020,DF,0,,
e8,165,31.1,df,jan 14th 2020,DF,0,,
e8,166,31.73,df,jan 14th 2020,DF,0,,
e8,167,36.64,df,jan 14th 2020,DF,0,,
e8,168,32.63,df,jan 14th 2020,DF,0,,
e8,169,29.85,df,jan 14th 2020,DF,0,,
e8,170,29.47,df,jan 14th 2020,DF,0,,
e8,171,30.29,df,jan 14th 2020,DF,0,,
e8,172,36.25,df,jan 14th 2020,DF,0,,
e8,173,28.03,df,jan 14th 2020,DF,0,,
e8,174,33.53,df,jan 14th 2020,DF,0,,
e8,175,31.02,df,jan 14th 2020,DF,0,,
e8,176,31.77,df,jan 14th 2020,DF,0,,
e8,177,36.06,df,jan 14th 2020,DF,0,,
e8,178,29.6,df,jan 14th 2020,DF,0,,
e8,179,32.29,df,jan 14th 2020,DF,0,,
e8,180,34.14,df,jan 14th 2020,DF,0,,
e8,181,33.15,df,jan 14th 2020,DF,0,,
e8,182,39.84,df,jan 14th 2020,DF,0,,
e8,183,31.61,df,jan 14th 2020,DF,0,,
e8,184,31.89,df,jan 14th 2020,DF,0,,
e8,185,31.55,df,jan 14th 2020,DF,0,,
e8,186,29.32,df,jan 14th 2020,DF,0,,
e8,187,32.28,df,jan 14th 2020,DF,0,,
e8,188,31.05,df,jan 14th 2020,DF,0,,
e8,189,32.3,df,jan 14th 2020,DF,0,,
e8,190,36.56,df,jan 14th 2020,DF,0,,
e8,191,30.64,df,jan 14th 2020,DF,0,,
e8,192,34.38,df,jan 14th 2020,DF,0,,
e8,193,29.48,df,jan 14th 2020,DF,0,,
e8,194,29.84,df,jan 14th 2020,DF,0,,
e8,195,32.63,df,jan 14th 2020,DF,0,,
e8,196,37.79,df,jan 14th 2020,DF,0,,
e8,197,31.12,df,jan 14th 2020,DF,0,,
e8,198,28.13,df,jan 14th 2020,DF,0,,
e8,199,39.83,df,jan 14th 2020,DF,0,,
e8,200,33.44,df,jan 14th 2020,DF,0,,
e9,1,36.49,df,Jan 10th 2020,DF,0,,
e9,2,34.21,df,Jan 10th 2020,DF,0,,
e9,3,36.18,df,Jan 10th 2020,DF,0,,
e9,4,30.07,df,Jan 10th 2020,DF,0,,
e9,5,31.94,df,Jan 10th 2020,DF,0,,
e9,6,29.08,df,Jan 10th 2020,DF,0,,
e9,7,29.17,df,Jan 10th 2020,DF,0,,
e9,8,42.11,df,Jan 10th 2020,DF,0,,
e9,9,30.32,df,Jan 10th 2020,DF,0,,
e9,10,30.7,df,Jan 10th 2020,DF,0,,
e9,11,33.15,df,Jan 10th 2020,DF,0,,
e9,12,31.16,df,Jan 10th 2020,DF,0,,
e9,13,29.99,df,Jan 10th 2020,DF,0,,
e9,14,32.03,df,Jan 10th 2020,DF,0,,
e9,15,28.65,df,Jan 10th 2020,DF,0,,
e9,16,30.99,df,Jan 10th 2020,DF,0,,
e9,17,30.48,df,Jan 10th 2020,DF,0,,
e9,18,30.06,df,Jan 10th 2020,DF,0,,
e9,19,30.8,df,Jan 10th 2020,DF,0,,
e9,20,32.13,df,Jan 10th 2020,DF,0,,
e9,21,NA,df,Jan 10th 2020,DF,0,,
e9,22,31.92,df,Jan 10th 2020,DF,0,,
e9,23,36.02,df,Jan 10th 2020,DF,0,,
e9,24,27.72,df,Jan 10th 2020,DF,0,,
e9,25,30.59,df,Jan 10th 2020,DF,0,,
e9,26,30.65,df,Jan 10th 2020,DF,0,,
e9,27,28.7,df,Jan 10th 2020,DF,0,,
e9,28,32.45,df,Jan 10th 2020,DF,0,,
e9,29,30.67,df,Jan 10th 2020,DF,0,,
e9,30,35.87,df,Jan 10th 2020,DF,0,,
e9,31,30.87,df,Jan 10th 2020,DF,0,,
e9,32,31.09,df,Jan 10th 2020,DF,0,,
e9,33,32.86,df,Jan 10th 2020,DF,0,,
e9,34,32.34,df,Jan 10th 2020,DF,0,,
e9,35,29.32,df,Jan 10th 2020,DF,0,,
e9,36,30.39,df,Jan 10th 2020,DF,0,,
e9,37,29.25,df,Jan 10th 2020,DF,0,,
e9,38,37.23,df,Jan 10th 2020,DF,0,,
e9,39,28,df,Jan 10th 2020,DF,0,,
e9,40,30.91,df,Jan 10th 2020,DF,0,,
e9,41,31.59,df,Jan 10th 2020,DF,0,,
e9,42,30.7,df,Jan 10th 2020,DF,0,,
e9,43,30.64,df,Jan 10th 2020,DF,0,,
e9,44,32.94,df,Jan 10th 2020,DF,0,,
e9,45,27.89,df,Jan 10th 2020,DF,0,,
e9,46,35.36,df,Jan 10th 2020,DF,0,,
e9,47,29.9,df,Jan 10th 2020,DF,0,,
e9,48,31.75,df,Jan 10th 2020,DF,0,,
e9,49,34.19,df,Jan 10th 2020,DF,0,,
e9,50,34.38,df,Jan 10th 2020,DF,0,,
e9,51,30.13,df,jan 8th 2020,DF,0,,
e9,52,28.86,df,jan 8th 2020,DF,0,,
e9,53,29.62,df,jan 8th 2020,DF,0,,
e9,54,29.67,df,jan 8th 2020,DF,0,,
e9,55,29.94,df,jan 8th 2020,DF,0,,
e9,56,31.17,df,jan 8th 2020,DF,0,,
e9,57,31.73,df,jan 8th 2020,DF,0,,
e9,58,30.56,df,jan 8th 2020,DF,0,,
e9,59,29.25,df,jan 8th 2020,DF,0,,
e9,60,31.77,df,jan 8th 2020,DF,0,,
e9,61,29.4,df,jan 8th 2020,DF,0,,
e9,62,31.13,df,jan 8th 2020,DF,0,,
e9,63,28.78,df,jan 8th 2020,DF,0,,
e9,64,31.18,df,jan 8th 2020,DF,0,,
e9,65,34.7,df,jan 8th 2020,DF,0,,
e9,66,NA,df,jan 8th 2020,DF,0,,
e9,67,31.23,df,jan 8th 2020,DF,0,,
e9,68,28.4,df,jan 8th 2020,DF,0,,
e9,69,29.83,df,jan 8th 2020,DF,0,,
e9,70,29.09,df,jan 8th 2020,DF,0,,
e9,71,38.06,df,jan 8th 2020,DF,0,,
e9,72,29.95,df,jan 8th 2020,DF,0,,
e9,73,31.63,df,jan 8th 2020,DF,0,,
e9,74,29.14,df,jan 8th 2020,DF,0,,
e9,75,29.65,df,jan 8th 2020,DF,0,,
e9,76,32.86,df,jan 8th 2020,DF,0,,
e9,77,29.54,df,jan 8th 2020,DF,0,,
e9,78,30.07,df,jan 8th 2020,DF,0,,
e9,79,NA,df,jan 8th 2020,DF,0,,
e9,80,30.3,df,jan 8th 2020,DF,0,,
e9,81,32.26,df,jan 8th 2020,DF,0,,
e9,82,28.19,df,jan 8th 2020,DF,0,,
e9,83,31.22,df,jan 8th 2020,DF,0,,
e9,84,32.67,df,jan 8th 2020,DF,0,,
e9,85,28.75,df,jan 8th 2020,DF,0,,
e9,86,31.94,df,jan 8th 2020,DF,0,,
e9,87,31.12,df,jan 8th 2020,DF,0,,
e9,88,29.47,df,jan 8th 2020,DF,0,,
e9,89,31.17,df,jan 8th 2020,DF,0,,
e9,90,31.26,df,jan 8th 2020,DF,0,,
e9,91,30.46,df,jan 8th 2020,DF,0,,
e9,92,30.23,df,jan 8th 2020,DF,0,,
e9,93,28.51,df,jan 8th 2020,DF,0,,
e9,94,31.11,df,jan 8th 2020,DF,0,,
e9,95,29.35,df,jan 8th 2020,DF,0,,
e9,96,47.1,df,jan 8th 2020,DF,0,,
e9,97,31.73,df,jan 8th 2020,DF,0,,
e9,98,30.04,df,jan 8th 2020,DF,0,,
e9,99,38.39,df,jan 8th 2020,DF,0,,
e9,100,29.08,df,jan 8th 2020,DF,0,,
e9,101,40.83,df,jan 8th 2020,DF,0,,
e9,102,40.43,df,jan 8th 2020,DF,0,,
e9,103,32.24,df,jan 8th 2020,DF,0,,
e9,104,40.52,df,jan 8th 2020,DF,0,,
e9,105,30.48,df,jan 8th 2020,DF,0,,
e9,106,31,df,jan 8th 2020,DF,0,,
e9,107,28.83,df,jan 8th 2020,DF,0,,
e9,108,28.87,df,jan 8th 2020,DF,0,,
e9,109,31.69,df,jan 8th 2020,DF,0,,
e9,110,28.51,df,jan 8th 2020,DF,0,,
e9,111,29.37,df,jan 8th 2020,DF,0,,
e9,112,30.61,df,jan 8th 2020,DF,0,,
e9,113,31.01,df,jan 8th 2020,DF,0,,
e9,114,32.16,df,jan 8th 2020,DF,0,,
e9,115,30.42,df,jan 8th 2020,DF,0,,
e9,116,29.37,df,jan 8th 2020,DF,0,,
e9,117,30.07,df,jan 8th 2020,DF,0,,
e9,118,30.8,df,jan 8th 2020,DF,0,,
e9,119,29.05,df,jan 8th 2020,DF,0,,
e9,120,29.93,df,jan 8th 2020,DF,0,,
e9,121,35.37,df,jan 8th 2020,DF,0,,
e9,122,29.45,df,jan 8th 2020,DF,0,,
e9,123,30.65,df,jan 8th 2020,DF,0,,
e9,124,31.5,df,jan 8th 2020,DF,0,,
e9,125,27.9,df,jan 8th 2020,DF,0,,
e9,126,31.95,df,jan 8th 2020,DF,0,,
e9,127,28.81,df,jan 8th 2020,DF,0,,
e9,128,46.9,df,jan 8th 2020,DF,0,,
e9,129,28.69,df,jan 8th 2020,DF,0,,
e9,130,29.6,df,jan 8th 2020,DF,0,,
e9,131,30.47,df,jan 8th 2020,DF,0,,
e9,132,28.47,df,jan 8th 2020,DF,0,,
e9,133,30.06,df,jan 8th 2020,DF,0,,
e9,134,31.92,df,jan 8th 2020,DF,0,,
e9,135,29.45,df,jan 8th 2020,DF,0,,
e9,136,30.33,df,jan 8th 2020,DF,0,,
e9,137,31.27,df,jan 8th 2020,DF,0,,
e9,138,31.59,df,jan 8th 2020,DF,0,,
e9,139,32.12,df,jan 8th 2020,DF,0,,
e9,140,29.77,df,jan 8th 2020,DF,0,,
e9,141,32.05,df,jan 8th 2020,DF,0,,
e9,142,29.18,df,jan 8th 2020,DF,0,,
e9,143,30.47,df,jan 8th 2020,DF,0,,
e9,144,30.9,df,jan 8th 2020,DF,0,,
e9,145,31.32,df,jan 8th 2020,DF,0,,
e9,146,31.84,df,jan 8th 2020,DF,0,,
e9,147,34.57,df,jan 8th 2020,DF,0,,
e9,148,30.43,df,jan 8th 2020,DF,0,,
e9,149,26.56,df,jan 8th 2020,DF,0,,
e9,150,33.01,df,jan 8th 2020,DF,0,,
e9,151,36.89,df,Jan 9th 2020,DF,0,,
e9,152,33.68,df,Jan 9th 2020,DF,0,,
e9,153,30.83,df,Jan 9th 2020,DF,0,,
e9,154,28.85,df,Jan 9th 2020,DF,0,,
e9,155,29.13,df,Jan 9th 2020,DF,0,,
e9,156,32.11,df,Jan 9th 2020,DF,0,,
e9,157,32.84,df,Jan 9th 2020,DF,0,,
e9,158,30.03,df,Jan 9th 2020,DF,0,,
e9,159,30.57,df,Jan 9th 2020,DF,0,,
e9,160,29.36,df,Jan 9th 2020,DF,0,,
e9,161,31.41,df,Jan 9th 2020,DF,0,,
e9,162,29.81,df,Jan 9th 2020,DF,0,,
e9,163,30.29,df,Jan 9th 2020,DF,0,,
e9,164,30.42,df,Jan 9th 2020,DF,0,,
e9,165,28.25,df,Jan 9th 2020,DF,0,,
e9,166,36.37,df,Jan 9th 2020,DF,0,,
e9,167,46.82,df,Jan 9th 2020,DF,0,,
e9,168,31.51,df,Jan 9th 2020,DF,0,,
e9,169,29.41,df,Jan 9th 2020,DF,0,,
e9,170,30.56,df,Jan 9th 2020,DF,0,,
e9,171,29.62,df,Jan 9th 2020,DF,0,,
e9,172,32.59,df,Jan 9th 2020,DF,0,,
e9,173,33.09,df,Jan 9th 2020,DF,0,,
e9,174,29.47,df,Jan 9th 2020,DF,0,,
e9,175,28.19,df,Jan 9th 2020,DF,0,,
e9,176,33.23,df,Jan 9th 2020,DF,0,,
e9,177,29.19,df,Jan 9th 2020,DF,0,,
e9,178,36.59,df,Jan 9th 2020,DF,0,,
e9,179,30.04,df,Jan 9th 2020,DF,0,,
e9,180,34.02,df,Jan 9th 2020,DF,0,,
e9,181,30.8,df,Jan 9th 2020,DF,0,,
e9,182,40.25,df,Jan 9th 2020,DF,0,,
e9,183,29.5,df,Jan 9th 2020,DF,0,,
e9,184,33.79,df,Jan 9th 2020,DF,0,,
e9,185,31.93,df,Jan 9th 2020,DF,0,,
e9,186,29.4,df,Jan 9th 2020,DF,0,,
e9,187,34.61,df,Jan 9th 2020,DF,0,,
e9,188,33.01,df,Jan 9th 2020,DF,0,,
e9,189,31.61,df,Jan 9th 2020,DF,0,,
e9,190,31.78,df,Jan 9th 2020,DF,0,,
e9,191,30.06,df,Jan 9th 2020,DF,0,,
e9,192,30.46,df,Jan 9th 2020,DF,0,,
e9,193,29.26,df,Jan 9th 2020,DF,0,,
e9,194,29.93,df,Jan 9th 2020,DF,0,,
e9,195,29.32,df,Jan 9th 2020,DF,0,,
e9,196,28.83,df,Jan 9th 2020,DF,0,,
e9,197,33.77,df,Jan 9th 2020,DF,0,,
e9,198,29.1,df,Jan 9th 2020,DF,0,,
e9,199,29.1,df,Jan 9th 2020,DF,0,,
e9,200,36.34,df,Jan 9th 2020,DF,0,,
e9,201,30.12,df,Jan 9th 2020,DF,0,,
e9,202,30.12,df,Jan 9th 2020,DF,0,,
