"ind","FFDAYS","FLOWER"
"E1-1",204,TRUE
"E1-10",218,TRUE
"E1-100",196,TRUE
"E1-101",196,TRUE
"E1-102",204,TRUE
"E1-103",224,TRUE
"E1-104",204,TRUE
"E1-105",196,TRUE
"E1-106",204,TRUE
"E1-107",204,TRUE
"E1-108",210,TRUE
"E1-109",204,TRUE
"E1-11",204,TRUE
"E1-110",204,TRUE
"E1-111",204,TRUE
"E1-112",210,TRUE
"E1-113",204,TRUE
"E1-114",224,TRUE
"E1-115",210,TRUE
"E1-116",204,TRUE
"E1-117",210,TRUE
"E1-118",196,TRUE
"E1-119",218,TRUE
"E1-12",196,TRUE
"E1-120",204,TRUE
"E1-121",196,TRUE
"E1-122",196,TRUE
"E1-123",218,TRUE
"E1-124",204,TRUE
"E1-125",210,TRUE
"E1-126",210,TRUE
"E1-127",196,TRUE
"E1-128",189,TRUE
"E1-129",218,TRUE
"E1-13",189,TRUE
"E1-130",204,TRUE
"E1-131",196,TRUE
"E1-132",218,TRUE
"E1-133",204,TRUE
"E1-134",210,TRUE
"E1-135",204,TRUE
"E1-136",189,TRUE
"E1-137",196,TRUE
"E1-138",218,TRUE
"E1-139",210,TRUE
"E1-14",218,TRUE
"E1-140",210,TRUE
"E1-141",210,TRUE
"E1-142",196,TRUE
"E1-143",204,TRUE
"E1-144",196,TRUE
"E1-145",204,TRUE
"E1-146",204,TRUE
"E1-147",210,TRUE
"E1-148",204,TRUE
"E1-149",204,TRUE
"E1-15",218,TRUE
"E1-150",218,TRUE
"E1-151",204,TRUE
"E1-152",196,TRUE
"E1-153",204,TRUE
"E1-154",210,TRUE
"E1-155",196,TRUE
"E1-156",NA,FALSE
"E1-157",196,TRUE
"E1-158",189,TRUE
"E1-159",218,TRUE
"E1-16",218,TRUE
"E1-160",204,TRUE
"E1-161",196,TRUE
"E1-162",204,TRUE
"E1-163",196,TRUE
"E1-164",210,TRUE
"E1-165",196,TRUE
"E1-166",218,TRUE
"E1-167",218,TRUE
"E1-168",196,TRUE
"E1-169",204,TRUE
"E1-17",NA,FALSE
"E1-170",196,TRUE
"E1-171",218,TRUE
"E1-172",196,TRUE
"E1-173",196,TRUE
"E1-174",233,TRUE
"E1-175",204,TRUE
"E1-176",189,TRUE
"E1-177",204,TRUE
"E1-178",183,TRUE
"E1-179",204,TRUE
"E1-18",196,TRUE
"E1-180",204,TRUE
"E1-181",210,TRUE
"E1-182",218,TRUE
"E1-183",189,TRUE
"E1-184",196,TRUE
"E1-185",196,TRUE
"E1-186",233,TRUE
"E1-187",218,TRUE
"E1-188",189,TRUE
"E1-189",204,TRUE
"E1-19",224,TRUE
"E1-190",204,TRUE
"E1-191",233,TRUE
"E1-192",210,TRUE
"E1-193",189,TRUE
"E1-194",204,TRUE
"E1-195",204,TRUE
"E1-196",204,TRUE
"E1-197",204,TRUE
"E1-198",196,TRUE
"E1-199",196,TRUE
"E1-2",196,TRUE
"E1-20",189,TRUE
"E1-200",196,TRUE
"E1-21",233,TRUE
"E1-22",272,TRUE
"E1-23",183,TRUE
"E1-24",204,TRUE
"E1-25",204,TRUE
"E1-26",204,TRUE
"E1-27",189,TRUE
"E1-28",196,TRUE
"E1-29",204,TRUE
"E1-3",204,TRUE
"E1-30",204,TRUE
"E1-31",196,TRUE
"E1-32",196,TRUE
"E1-33",189,TRUE
"E1-34",218,TRUE
"E1-35",204,TRUE
"E1-36",196,TRUE
"E1-37",196,TRUE
"E1-38",204,TRUE
"E1-39",185,TRUE
"E1-4",210,TRUE
"E1-40",196,TRUE
"E1-41",189,TRUE
"E1-42",204,TRUE
"E1-43",196,TRUE
"E1-44",204,TRUE
"E1-45",204,TRUE
"E1-46",189,TRUE
"E1-47",204,TRUE
"E1-48",210,TRUE
"E1-49",196,TRUE
"E1-5",196,TRUE
"E1-50",204,TRUE
"E1-51",204,TRUE
"E1-52",204,TRUE
"E1-53",204,TRUE
"E1-54",204,TRUE
"E1-55",189,TRUE
"E1-56",204,TRUE
"E1-57",218,TRUE
"E1-58",204,TRUE
"E1-59",196,TRUE
"E1-6",204,TRUE
"E1-60",196,TRUE
"E1-61",204,TRUE
"E1-62",204,TRUE
"E1-63",NA,FALSE
"E1-64",196,TRUE
"E1-65",204,TRUE
"E1-66",196,TRUE
"E1-67",204,TRUE
"E1-68",196,TRUE
"E1-69",189,TRUE
"E1-7",196,TRUE
"E1-70",196,TRUE
"E1-71",218,TRUE
"E1-72",196,TRUE
"E1-73",204,TRUE
"E1-74",224,TRUE
"E1-75",204,TRUE
"E1-76",196,TRUE
"E1-77",204,TRUE
"E1-78",196,TRUE
"E1-79",210,TRUE
"E1-8",204,TRUE
"E1-80",218,TRUE
"E1-81",204,TRUE
"E1-82",218,TRUE
"E1-83",189,TRUE
"E1-84",204,TRUE
"E1-85",204,TRUE
"E1-86",196,TRUE
"E1-87",204,TRUE
"E1-88",196,TRUE
"E1-89",204,TRUE
"E1-9",196,TRUE
"E1-90",204,TRUE
"E1-91",NA,FALSE
"E1-92",196,TRUE
"E1-93",189,TRUE
"E1-94",210,TRUE
"E1-95",233,TRUE
"E1-96",NA,FALSE
"E1-97",204,TRUE
"E1-98",196,TRUE
"E1-99",210,TRUE
"E10-1",225,TRUE
"E10-10",NA,FALSE
"E10-100",197,TRUE
"E10-101",197,TRUE
"E10-102",184,TRUE
"E10-103",190,TRUE
"E10-104",190,TRUE
"E10-105",225,TRUE
"E10-106",220,TRUE
"E10-107",190,TRUE
"E10-108",205,TRUE
"E10-109",190,TRUE
"E10-11",185,TRUE
"E10-110",190,TRUE
"E10-111",205,TRUE
"E10-112",190,TRUE
"E10-113",185,TRUE
"E10-114",197,TRUE
"E10-115",190,TRUE
"E10-116",211,TRUE
"E10-117",205,TRUE
"E10-118",190,TRUE
"E10-119",205,TRUE
"E10-12",205,TRUE
"E10-120",205,TRUE
"E10-121",220,TRUE
"E10-122",NA,FALSE
"E10-123",211,TRUE
"E10-124",220,TRUE
"E10-125",197,TRUE
"E10-126",211,TRUE
"E10-127",197,TRUE
"E10-128",190,TRUE
"E10-129",205,TRUE
"E10-13",205,TRUE
"E10-130",190,TRUE
"E10-131",205,TRUE
"E10-132",197,TRUE
"E10-133",197,TRUE
"E10-134",190,TRUE
"E10-135",190,TRUE
"E10-136",197,TRUE
"E10-137",197,TRUE
"E10-138",197,TRUE
"E10-139",205,TRUE
"E10-14",205,TRUE
"E10-140",211,TRUE
"E10-141",205,TRUE
"E10-142",197,TRUE
"E10-143",205,TRUE
"E10-144",220,TRUE
"E10-145",197,TRUE
"E10-146",185,TRUE
"E10-147",211,TRUE
"E10-148",190,TRUE
"E10-149",234,TRUE
"E10-15",211,TRUE
"E10-150",190,TRUE
"E10-151",190,TRUE
"E10-152",211,TRUE
"E10-153",211,TRUE
"E10-154",205,TRUE
"E10-155",197,TRUE
"E10-156",197,TRUE
"E10-157",205,TRUE
"E10-158",185,TRUE
"E10-159",184,TRUE
"E10-16",205,TRUE
"E10-160",190,TRUE
"E10-161",205,TRUE
"E10-162",190,TRUE
"E10-163",197,TRUE
"E10-164",197,TRUE
"E10-165",197,TRUE
"E10-166",205,TRUE
"E10-167",184,TRUE
"E10-168",190,TRUE
"E10-169",205,TRUE
"E10-17",205,TRUE
"E10-170",184,TRUE
"E10-171",184,TRUE
"E10-172",NA,FALSE
"E10-173",190,TRUE
"E10-174",197,TRUE
"E10-175",205,TRUE
"E10-176",197,TRUE
"E10-177",190,TRUE
"E10-178",NA,FALSE
"E10-179",211,TRUE
"E10-18",190,TRUE
"E10-180",205,TRUE
"E10-181",205,TRUE
"E10-182",190,TRUE
"E10-183",190,TRUE
"E10-184",184,TRUE
"E10-185",190,TRUE
"E10-186",197,TRUE
"E10-187",197,TRUE
"E10-188",197,TRUE
"E10-189",197,TRUE
"E10-19",225,TRUE
"E10-190",197,TRUE
"E10-191",197,TRUE
"E10-192",205,TRUE
"E10-193",205,TRUE
"E10-194",205,TRUE
"E10-195",211,TRUE
"E10-196",190,TRUE
"E10-197",220,TRUE
"E10-198",190,TRUE
"E10-199",205,TRUE
"E10-20",225,TRUE
"E10-200",197,TRUE
"E10-201",211,TRUE
"E10-21",184,TRUE
"E10-22",NA,FALSE
"E10-23",205,TRUE
"E10-24",197,TRUE
"E10-25",NA,FALSE
"E10-26",197,TRUE
"E10-27",205,TRUE
"E10-28",197,TRUE
"E10-29",197,TRUE
"E10-3",205,TRUE
"E10-30",220,TRUE
"E10-31",205,TRUE
"E10-32",197,TRUE
"E10-33",205,TRUE
"E10-34",272,TRUE
"E10-35",205,TRUE
"E10-36",190,TRUE
"E10-37",197,TRUE
"E10-38",190,TRUE
"E10-39",205,TRUE
"E10-4",190,TRUE
"E10-40",225,TRUE
"E10-41",197,TRUE
"E10-42",197,TRUE
"E10-43",197,TRUE
"E10-44",197,TRUE
"E10-45",234,TRUE
"E10-46",184,TRUE
"E10-47",197,TRUE
"E10-48",205,TRUE
"E10-49",205,TRUE
"E10-5",205,TRUE
"E10-50",190,TRUE
"E10-51",205,TRUE
"E10-52",197,TRUE
"E10-53",190,TRUE
"E10-54",190,TRUE
"E10-55",184,TRUE
"E10-56",190,TRUE
"E10-57",211,TRUE
"E10-58",211,TRUE
"E10-59",220,TRUE
"E10-6",190,TRUE
"E10-60",205,TRUE
"E10-61",190,TRUE
"E10-62",205,TRUE
"E10-63",190,TRUE
"E10-64",211,TRUE
"E10-65",197,TRUE
"E10-66",190,TRUE
"E10-67",197,TRUE
"E10-68",205,TRUE
"E10-69",205,TRUE
"E10-7",190,TRUE
"E10-70",197,TRUE
"E10-71",197,TRUE
"E10-72",190,TRUE
"E10-73",197,TRUE
"E10-74",205,TRUE
"E10-75",197,TRUE
"E10-76",205,TRUE
"E10-77",205,TRUE
"E10-78",197,TRUE
"E10-79",197,TRUE
"E10-8",220,TRUE
"E10-80",234,TRUE
"E10-81",190,TRUE
"E10-82",211,TRUE
"E10-83",190,TRUE
"E10-84",197,TRUE
"E10-85",211,TRUE
"E10-86",190,TRUE
"E10-87",211,TRUE
"E10-88",220,TRUE
"E10-89",190,TRUE
"E10-9",220,TRUE
"E10-90",197,TRUE
"E10-91",205,TRUE
"E10-92",211,TRUE
"E10-93",190,TRUE
"E10-94",205,TRUE
"E10-95",211,TRUE
"E10-96",185,TRUE
"E10-97",197,TRUE
"E10-98",197,TRUE
"E10-99",234,TRUE
"E11-1",197,TRUE
"E11-10",212,TRUE
"E11-100",206,TRUE
"E11-101",189,TRUE
"E11-102",189,TRUE
"E11-103",220,TRUE
"E11-104",197,TRUE
"E11-105",220,TRUE
"E11-106",206,TRUE
"E11-107",197,TRUE
"E11-108",189,TRUE
"E11-109",212,TRUE
"E11-11",206,TRUE
"E11-110",NA,FALSE
"E11-111",220,TRUE
"E11-112",272,TRUE
"E11-113",197,TRUE
"E11-114",206,TRUE
"E11-115",212,TRUE
"E11-116",206,TRUE
"E11-117",212,TRUE
"E11-118",206,TRUE
"E11-119",224,TRUE
"E11-12",186,TRUE
"E11-120",220,TRUE
"E11-121",NA,FALSE
"E11-122",220,TRUE
"E11-123",212,TRUE
"E11-124",206,TRUE
"E11-125",272,TRUE
"E11-126",212,TRUE
"E11-127",224,TRUE
"E11-128",206,TRUE
"E11-129",224,TRUE
"E11-13",NA,FALSE
"E11-130",183,TRUE
"E11-131",189,TRUE
"E11-132",220,TRUE
"E11-133",NA,FALSE
"E11-134",NA,FALSE
"E11-135",186,TRUE
"E11-136",206,TRUE
"E11-137",197,TRUE
"E11-138",272,TRUE
"E11-139",212,TRUE
"E11-14",NA,FALSE
"E11-140",186,TRUE
"E11-141",220,TRUE
"E11-142",224,TRUE
"E11-143",206,TRUE
"E11-144",206,TRUE
"E11-145",NA,FALSE
"E11-146",NA,FALSE
"E11-147",NA,FALSE
"E11-148",212,TRUE
"E11-149",220,TRUE
"E11-15",224,TRUE
"E11-150",212,TRUE
"E11-151",224,TRUE
"E11-152",220,TRUE
"E11-153",220,TRUE
"E11-154",NA,FALSE
"E11-155",NA,FALSE
"E11-156",224,TRUE
"E11-157",220,TRUE
"E11-158",220,TRUE
"E11-159",224,TRUE
"E11-16",220,TRUE
"E11-160",206,TRUE
"E11-161",206,TRUE
"E11-162",206,TRUE
"E11-163",183,TRUE
"E11-164",272,TRUE
"E11-165",220,TRUE
"E11-166",186,TRUE
"E11-167",272,TRUE
"E11-168",224,TRUE
"E11-169",206,TRUE
"E11-17",NA,FALSE
"E11-170",224,TRUE
"E11-171",197,TRUE
"E11-172",206,TRUE
"E11-173",206,TRUE
"E11-174",224,TRUE
"E11-175",197,TRUE
"E11-176",224,TRUE
"E11-177",197,TRUE
"E11-178",197,TRUE
"E11-179",197,TRUE
"E11-18",NA,FALSE
"E11-180",272,TRUE
"E11-181",189,TRUE
"E11-182",189,TRUE
"E11-183",220,TRUE
"E11-184",197,TRUE
"E11-185",272,TRUE
"E11-186",220,TRUE
"E11-187",189,TRUE
"E11-188",197,TRUE
"E11-189",272,TRUE
"E11-19",206,TRUE
"E11-190",220,TRUE
"E11-191",186,TRUE
"E11-192",224,TRUE
"E11-193",197,TRUE
"E11-194",197,TRUE
"E11-195",206,TRUE
"E11-196",206,TRUE
"E11-197",272,TRUE
"E11-198",183,TRUE
"E11-199",206,TRUE
"E11-2",183,TRUE
"E11-20",220,TRUE
"E11-200",197,TRUE
"E11-201",212,TRUE
"E11-21",197,TRUE
"E11-22",220,TRUE
"E11-23",224,TRUE
"E11-24",206,TRUE
"E11-25",224,TRUE
"E11-26",197,TRUE
"E11-27",206,TRUE
"E11-28",224,TRUE
"E11-29",206,TRUE
"E11-3",NA,FALSE
"E11-30",186,TRUE
"E11-31",206,TRUE
"E11-32",197,TRUE
"E11-33",272,TRUE
"E11-34",189,TRUE
"E11-35",197,TRUE
"E11-36",206,TRUE
"E11-37",220,TRUE
"E11-38",NA,FALSE
"E11-39",186,TRUE
"E11-4",197,TRUE
"E11-40",NA,FALSE
"E11-41",212,TRUE
"E11-42",212,TRUE
"E11-43",189,TRUE
"E11-44",224,TRUE
"E11-45",206,TRUE
"E11-46",206,TRUE
"E11-47",206,TRUE
"E11-48",206,TRUE
"E11-49",197,TRUE
"E11-5",206,TRUE
"E11-50",197,TRUE
"E11-52",189,TRUE
"E11-53",206,TRUE
"E11-54",189,TRUE
"E11-55",189,TRUE
"E11-56",197,TRUE
"E11-57",183,TRUE
"E11-58",197,TRUE
"E11-59",197,TRUE
"E11-6",186,TRUE
"E11-60",NA,FALSE
"E11-61",183,TRUE
"E11-62",189,TRUE
"E11-63",197,TRUE
"E11-64",197,TRUE
"E11-65",183,TRUE
"E11-66",197,TRUE
"E11-67",197,TRUE
"E11-68",178,TRUE
"E11-69",NA,FALSE
"E11-7",235,TRUE
"E11-70",212,TRUE
"E11-71",212,TRUE
"E11-72",NA,FALSE
"E11-73",NA,FALSE
"E11-74",206,TRUE
"E11-75",NA,FALSE
"E11-76",197,TRUE
"E11-77",206,TRUE
"E11-78",183,TRUE
"E11-79",197,TRUE
"E11-8",NA,FALSE
"E11-80",189,TRUE
"E11-81",197,TRUE
"E11-82",NA,FALSE
"E11-83",220,TRUE
"E11-84",224,TRUE
"E11-85",212,TRUE
"E11-86",197,TRUE
"E11-87",212,TRUE
"E11-88",212,TRUE
"E11-89",186,TRUE
"E11-9",220,TRUE
"E11-90",206,TRUE
"E11-91",189,TRUE
"E11-92",220,TRUE
"E11-93",197,TRUE
"E11-94",189,TRUE
"E11-95",183,TRUE
"E11-96",206,TRUE
"E11-97",220,TRUE
"E11-98",206,TRUE
"E11-99",212,TRUE
"E12-1",197,TRUE
"E12-10",186,TRUE
"E12-100",197,TRUE
"E12-101",197,TRUE
"E12-102",197,TRUE
"E12-103",197,TRUE
"E12-104",189,TRUE
"E12-105",197,TRUE
"E12-106",197,TRUE
"E12-107",197,TRUE
"E12-108",211,TRUE
"E12-109",205,TRUE
"E12-11",184,TRUE
"E12-110",205,TRUE
"E12-111",205,TRUE
"E12-112",197,TRUE
"E12-113",197,TRUE
"E12-114",197,TRUE
"E12-115",197,TRUE
"E12-116",197,TRUE
"E12-117",205,TRUE
"E12-118",197,TRUE
"E12-119",189,TRUE
"E12-12",205,TRUE
"E12-120",184,TRUE
"E12-121",189,TRUE
"E12-122",197,TRUE
"E12-123",186,TRUE
"E12-124",197,TRUE
"E12-125",205,TRUE
"E12-126",205,TRUE
"E12-127",184,TRUE
"E12-128",197,TRUE
"E12-129",211,TRUE
"E12-13",197,TRUE
"E12-130",184,TRUE
"E12-131",197,TRUE
"E12-132",197,TRUE
"E12-133",197,TRUE
"E12-134",205,TRUE
"E12-135",205,TRUE
"E12-136",197,TRUE
"E12-137",197,TRUE
"E12-138",211,TRUE
"E12-139",197,TRUE
"E12-14",205,TRUE
"E12-140",205,TRUE
"E12-141",197,TRUE
"E12-142",197,TRUE
"E12-143",205,TRUE
"E12-144",205,TRUE
"E12-145",197,TRUE
"E12-146",197,TRUE
"E12-147",224,TRUE
"E12-148",186,TRUE
"E12-149",197,TRUE
"E12-15",205,TRUE
"E12-150",197,TRUE
"E12-151",197,TRUE
"E12-152",219,TRUE
"E12-153",197,TRUE
"E12-154",205,TRUE
"E12-155",219,TRUE
"E12-156",197,TRUE
"E12-157",205,TRUE
"E12-158",205,TRUE
"E12-159",205,TRUE
"E12-16",197,TRUE
"E12-160",205,TRUE
"E12-161",189,TRUE
"E12-162",272,TRUE
"E12-163",197,TRUE
"E12-164",211,TRUE
"E12-165",189,TRUE
"E12-166",186,TRUE
"E12-167",219,TRUE
"E12-168",197,TRUE
"E12-169",197,TRUE
"E12-17",205,TRUE
"E12-170",205,TRUE
"E12-171",197,TRUE
"E12-172",205,TRUE
"E12-173",205,TRUE
"E12-174",197,TRUE
"E12-175",184,TRUE
"E12-176",197,TRUE
"E12-177",272,TRUE
"E12-178",197,TRUE
"E12-179",205,TRUE
"E12-18",197,TRUE
"E12-180",205,TRUE
"E12-181",197,TRUE
"E12-182",205,TRUE
"E12-183",205,TRUE
"E12-184",197,TRUE
"E12-185",197,TRUE
"E12-186",197,TRUE
"E12-187",197,TRUE
"E12-188",205,TRUE
"E12-189",197,TRUE
"E12-19",224,TRUE
"E12-190",189,TRUE
"E12-191",197,TRUE
"E12-192",211,TRUE
"E12-193",186,TRUE
"E12-194",186,TRUE
"E12-195",205,TRUE
"E12-196",189,TRUE
"E12-197",NA,FALSE
"E12-198",189,TRUE
"E12-199",211,TRUE
"E12-2",205,TRUE
"E12-20",205,TRUE
"E12-200",219,TRUE
"E12-201",205,TRUE
"E12-202",189,TRUE
"E12-21",184,TRUE
"E12-22",205,TRUE
"E12-23",189,TRUE
"E12-24",205,TRUE
"E12-25",205,TRUE
"E12-26",205,TRUE
"E12-27",189,TRUE
"E12-28",NA,FALSE
"E12-29",197,TRUE
"E12-3",186,TRUE
"E12-30",197,TRUE
"E12-31",197,TRUE
"E12-32",197,TRUE
"E12-33",189,TRUE
"E12-34",197,TRUE
"E12-35",211,TRUE
"E12-36",184,TRUE
"E12-37",197,TRUE
"E12-38",197,TRUE
"E12-39",197,TRUE
"E12-4",197,TRUE
"E12-40",205,TRUE
"E12-41",186,TRUE
"E12-42",197,TRUE
"E12-43",197,TRUE
"E12-44",197,TRUE
"E12-45",NA,FALSE
"E12-46",197,TRUE
"E12-47",186,TRUE
"E12-48",197,TRUE
"E12-49",205,TRUE
"E12-5",205,TRUE
"E12-50",211,TRUE
"E12-51",189,TRUE
"E12-52",184,TRUE
"E12-53",197,TRUE
"E12-54",211,TRUE
"E12-55",186,TRUE
"E12-56",197,TRUE
"E12-57",189,TRUE
"E12-58",205,TRUE
"E12-59",197,TRUE
"E12-6",197,TRUE
"E12-60",197,TRUE
"E12-61",186,TRUE
"E12-62",205,TRUE
"E12-63",211,TRUE
"E12-64",189,TRUE
"E12-65",205,TRUE
"E12-66",189,TRUE
"E12-67",205,TRUE
"E12-68",224,TRUE
"E12-69",235,TRUE
"E12-7",197,TRUE
"E12-70",184,TRUE
"E12-71",197,TRUE
"E12-72",186,TRUE
"E12-73",205,TRUE
"E12-74",211,TRUE
"E12-75",189,TRUE
"E12-76",184,TRUE
"E12-77",197,TRUE
"E12-78",197,TRUE
"E12-79",189,TRUE
"E12-8",205,TRUE
"E12-80",205,TRUE
"E12-81",184,TRUE
"E12-82",205,TRUE
"E12-83",205,TRUE
"E12-84",211,TRUE
"E12-85",205,TRUE
"E12-86",211,TRUE
"E12-87",189,TRUE
"E12-88",197,TRUE
"E12-89",205,TRUE
"E12-9",211,TRUE
"E12-90",189,TRUE
"E12-91",197,TRUE
"E12-92",189,TRUE
"E12-93",197,TRUE
"E12-94",197,TRUE
"E12-95",197,TRUE
"E12-96",184,TRUE
"E12-97",219,TRUE
"E12-98",197,TRUE
"E12-99",197,TRUE
"E2-1",212,TRUE
"E2-10",NA,FALSE
"E2-100",212,TRUE
"E2-103",218,TRUE
"E2-108",212,TRUE
"E2-109",196,TRUE
"E2-11",212,TRUE
"E2-111",218,TRUE
"E2-112",206,TRUE
"E2-113",218,TRUE
"E2-114",196,TRUE
"E2-115",NA,FALSE
"E2-116",218,TRUE
"E2-117",196,TRUE
"E2-118",NA,FALSE
"E2-119",233,TRUE
"E2-12",206,TRUE
"E2-120",218,TRUE
"E2-121",190,TRUE
"E2-122",218,TRUE
"E2-123",218,TRUE
"E2-124",218,TRUE
"E2-125",225,TRUE
"E2-126",212,TRUE
"E2-127",206,TRUE
"E2-128",225,TRUE
"E2-129",NA,FALSE
"E2-13",190,TRUE
"E2-130",225,TRUE
"E2-131",225,TRUE
"E2-132",NA,FALSE
"E2-133",233,TRUE
"E2-134",272,TRUE
"E2-135",NA,FALSE
"E2-136",218,TRUE
"E2-137",272,TRUE
"E2-138",225,TRUE
"E2-139",272,TRUE
"E2-14",206,TRUE
"E2-140",233,TRUE
"E2-141",NA,FALSE
"E2-142",218,TRUE
"E2-143",233,TRUE
"E2-144",196,TRUE
"E2-145",218,TRUE
"E2-146",206,TRUE
"E2-147",233,TRUE
"E2-148",212,TRUE
"E2-149",212,TRUE
"E2-15",218,TRUE
"E2-150",NA,FALSE
"E2-151",NA,FALSE
"E2-152",225,TRUE
"E2-153",272,TRUE
"E2-154",225,TRUE
"E2-155",196,TRUE
"E2-156",NA,FALSE
"E2-157",NA,FALSE
"E2-158",212,TRUE
"E2-159",212,TRUE
"E2-16",212,TRUE
"E2-160",218,TRUE
"E2-161",225,TRUE
"E2-162",NA,FALSE
"E2-163",218,TRUE
"E2-164",272,TRUE
"E2-165",225,TRUE
"E2-166",212,TRUE
"E2-167",272,TRUE
"E2-168",218,TRUE
"E2-169",206,TRUE
"E2-17",212,TRUE
"E2-170",272,TRUE
"E2-171",NA,FALSE
"E2-172",NA,FALSE
"E2-173",233,TRUE
"E2-174",272,TRUE
"E2-175",NA,FALSE
"E2-176",NA,FALSE
"E2-177",206,TRUE
"E2-178",212,TRUE
"E2-179",218,TRUE
"E2-18",185,TRUE
"E2-180",190,TRUE
"E2-181",272,TRUE
"E2-182",190,TRUE
"E2-183",218,TRUE
"E2-184",225,TRUE
"E2-185",NA,FALSE
"E2-186",225,TRUE
"E2-187",NA,FALSE
"E2-188",212,TRUE
"E2-189",272,TRUE
"E2-19",218,TRUE
"E2-190",206,TRUE
"E2-191",NA,FALSE
"E2-192",225,TRUE
"E2-193",212,TRUE
"E2-194",225,TRUE
"E2-195",NA,FALSE
"E2-196",206,TRUE
"E2-197",272,TRUE
"E2-198",196,TRUE
"E2-199",212,TRUE
"E2-2",NA,FALSE
"E2-20",196,TRUE
"E2-200",212,TRUE
"E2-201",NA,FALSE
"E2-202",225,TRUE
"E2-203",272,TRUE
"E2-204",233,TRUE
"E2-205",206,TRUE
"E2-21",NA,FALSE
"E2-22",206,TRUE
"E2-23",NA,FALSE
"E2-24",190,TRUE
"E2-25",212,TRUE
"E2-26",196,TRUE
"E2-27",206,TRUE
"E2-28",272,TRUE
"E2-29",190,TRUE
"E2-3",206,TRUE
"E2-30",212,TRUE
"E2-31",196,TRUE
"E2-32",218,TRUE
"E2-33",NA,FALSE
"E2-34",206,TRUE
"E2-35",NA,FALSE
"E2-36",272,TRUE
"E2-37",233,TRUE
"E2-38",212,TRUE
"E2-39",233,TRUE
"E2-4",NA,FALSE
"E2-40",218,TRUE
"E2-41",212,TRUE
"E2-42",206,TRUE
"E2-43",233,TRUE
"E2-44",233,TRUE
"E2-45",225,TRUE
"E2-46",272,TRUE
"E2-47",225,TRUE
"E2-48",218,TRUE
"E2-49",225,TRUE
"E2-5",206,TRUE
"E2-50",272,TRUE
"E2-51",233,TRUE
"E2-52",212,TRUE
"E2-53",225,TRUE
"E2-54",206,TRUE
"E2-55",225,TRUE
"E2-56",206,TRUE
"E2-57",272,TRUE
"E2-58",206,TRUE
"E2-59",272,TRUE
"E2-6",206,TRUE
"E2-60",206,TRUE
"E2-61",272,TRUE
"E2-62",225,TRUE
"E2-63",212,TRUE
"E2-64",NA,FALSE
"E2-65",NA,FALSE
"E2-66",NA,FALSE
"E2-67",NA,FALSE
"E2-68",225,TRUE
"E2-69",218,TRUE
"E2-7",196,TRUE
"E2-70",206,TRUE
"E2-71",225,TRUE
"E2-72",212,TRUE
"E2-73",206,TRUE
"E2-74",218,TRUE
"E2-75",218,TRUE
"E2-76",225,TRUE
"E2-77",NA,FALSE
"E2-78",225,TRUE
"E2-79",218,TRUE
"E2-8",NA,FALSE
"E2-80",218,TRUE
"E2-81",233,TRUE
"E2-82",206,TRUE
"E2-83",233,TRUE
"E2-84",212,TRUE
"E2-85",272,TRUE
"E2-86",225,TRUE
"E2-87",206,TRUE
"E2-88",NA,FALSE
"E2-89",206,TRUE
"E2-9",206,TRUE
"E2-90",218,TRUE
"E2-91",225,TRUE
"E2-92",218,TRUE
"E2-93",218,TRUE
"E2-94",233,TRUE
"E2-95",233,TRUE
"E2-96",NA,FALSE
"E2-97",212,TRUE
"E2-98",212,TRUE
"E2-99",225,TRUE
"E3-1",190,TRUE
"E3-10",197,TRUE
"E3-100",210,TRUE
"E3-101",185,TRUE
"E3-103",204,TRUE
"E3-104",204,TRUE
"E3-105",204,TRUE
"E3-106",272,TRUE
"E3-107",190,TRUE
"E3-108",190,TRUE
"E3-109",204,TRUE
"E3-11",183,TRUE
"E3-110",204,TRUE
"E3-111",197,TRUE
"E3-112",204,TRUE
"E3-113",197,TRUE
"E3-114",220,TRUE
"E3-115",197,TRUE
"E3-116",197,TRUE
"E3-117",197,TRUE
"E3-118",220,TRUE
"E3-119",197,TRUE
"E3-12",190,TRUE
"E3-120",190,TRUE
"E3-121",204,TRUE
"E3-122",NA,FALSE
"E3-123",197,TRUE
"E3-124",190,TRUE
"E3-125",197,TRUE
"E3-126",204,TRUE
"E3-127",204,TRUE
"E3-128",204,TRUE
"E3-129",220,TRUE
"E3-13",190,TRUE
"E3-130",204,TRUE
"E3-131",197,TRUE
"E3-132",190,TRUE
"E3-133",204,TRUE
"E3-134",178,TRUE
"E3-135",204,TRUE
"E3-136",204,TRUE
"E3-137",NA,FALSE
"E3-138",197,TRUE
"E3-139",197,TRUE
"E3-14",197,TRUE
"E3-140",204,TRUE
"E3-141",197,TRUE
"E3-142",272,TRUE
"E3-143",197,TRUE
"E3-144",204,TRUE
"E3-145",210,TRUE
"E3-146",197,TRUE
"E3-147",220,TRUE
"E3-148",197,TRUE
"E3-149",197,TRUE
"E3-15",204,TRUE
"E3-150",204,TRUE
"E3-151",204,TRUE
"E3-152",197,TRUE
"E3-153",204,TRUE
"E3-154",204,TRUE
"E3-155",NA,FALSE
"E3-156",197,TRUE
"E3-157",197,TRUE
"E3-158",183,TRUE
"E3-159",197,TRUE
"E3-16",185,TRUE
"E3-160",204,TRUE
"E3-161",197,TRUE
"E3-162",197,TRUE
"E3-163",190,TRUE
"E3-164",204,TRUE
"E3-165",204,TRUE
"E3-166",190,TRUE
"E3-167",272,TRUE
"E3-168",204,TRUE
"E3-169",197,TRUE
"E3-17",190,TRUE
"E3-170",210,TRUE
"E3-171",197,TRUE
"E3-172",220,TRUE
"E3-173",197,TRUE
"E3-174",183,TRUE
"E3-175",225,TRUE
"E3-176",190,TRUE
"E3-177",190,TRUE
"E3-178",190,TRUE
"E3-179",197,TRUE
"E3-18",197,TRUE
"E3-180",204,TRUE
"E3-181",185,TRUE
"E3-182",204,TRUE
"E3-183",204,TRUE
"E3-184",197,TRUE
"E3-185",190,TRUE
"E3-186",190,TRUE
"E3-187",190,TRUE
"E3-188",220,TRUE
"E3-189",190,TRUE
"E3-19",210,TRUE
"E3-190",197,TRUE
"E3-191",204,TRUE
"E3-192",197,TRUE
"E3-193",197,TRUE
"E3-194",204,TRUE
"E3-195",197,TRUE
"E3-196",197,TRUE
"E3-197",185,TRUE
"E3-198",197,TRUE
"E3-199",197,TRUE
"E3-2",197,TRUE
"E3-20",204,TRUE
"E3-200",185,TRUE
"E3-21",185,TRUE
"E3-22",197,TRUE
"E3-23",190,TRUE
"E3-24",220,TRUE
"E3-25",204,TRUE
"E3-26",220,TRUE
"E3-27",190,TRUE
"E3-28",185,TRUE
"E3-29",204,TRUE
"E3-3",185,TRUE
"E3-30",204,TRUE
"E3-31",220,TRUE
"E3-32",197,TRUE
"E3-33",197,TRUE
"E3-34",272,TRUE
"E3-35",197,TRUE
"E3-36",204,TRUE
"E3-37",204,TRUE
"E3-38",272,TRUE
"E3-39",272,TRUE
"E3-4",204,TRUE
"E3-40",190,TRUE
"E3-41",220,TRUE
"E3-42",197,TRUE
"E3-43",220,TRUE
"E3-44",197,TRUE
"E3-45",197,TRUE
"E3-46",190,TRUE
"E3-47",197,TRUE
"E3-48",190,TRUE
"E3-49",204,TRUE
"E3-5",197,TRUE
"E3-50",183,TRUE
"E3-51",190,TRUE
"E3-52",197,TRUE
"E3-53",197,TRUE
"E3-54",220,TRUE
"E3-55",185,TRUE
"E3-56",220,TRUE
"E3-57",197,TRUE
"E3-58",197,TRUE
"E3-59",197,TRUE
"E3-6",272,TRUE
"E3-60",204,TRUE
"E3-61",204,TRUE
"E3-62",220,TRUE
"E3-63",220,TRUE
"E3-64",234,TRUE
"E3-65",210,TRUE
"E3-66",190,TRUE
"E3-67",190,TRUE
"E3-68",204,TRUE
"E3-69",204,TRUE
"E3-7",197,TRUE
"E3-70",225,TRUE
"E3-71",197,TRUE
"E3-72",210,TRUE
"E3-73",190,TRUE
"E3-74",220,TRUE
"E3-75",197,TRUE
"E3-76",197,TRUE
"E3-77",220,TRUE
"E3-78",272,TRUE
"E3-79",NA,FALSE
"E3-8",197,TRUE
"E3-80",197,TRUE
"E3-81",197,TRUE
"E3-82",NA,FALSE
"E3-83",197,TRUE
"E3-84",220,TRUE
"E3-85",197,TRUE
"E3-86",204,TRUE
"E3-87",197,TRUE
"E3-88",204,TRUE
"E3-89",220,TRUE
"E3-9",272,TRUE
"E3-90",204,TRUE
"E3-91",NA,FALSE
"E3-92",197,TRUE
"E3-93",185,TRUE
"E3-94",NA,FALSE
"E3-95",204,TRUE
"E3-96",204,TRUE
"E3-97",185,TRUE
"E3-98",204,TRUE
"E3-99",197,TRUE
"E4-10",220,TRUE
"E4-100",NA,FALSE
"E4-101",212,TRUE
"E4-102",204,TRUE
"E4-103",225,TRUE
"E4-104",204,TRUE
"E4-105",225,TRUE
"E4-106",272,TRUE
"E4-107",212,TRUE
"E4-108",190,TRUE
"E4-109",212,TRUE
"E4-11",204,TRUE
"E4-110",220,TRUE
"E4-111",190,TRUE
"E4-112",272,TRUE
"E4-113",197,TRUE
"E4-114",212,TRUE
"E4-115",220,TRUE
"E4-116",NA,FALSE
"E4-117",204,TRUE
"E4-118",220,TRUE
"E4-119",272,TRUE
"E4-12",212,TRUE
"E4-120",225,TRUE
"E4-121",272,TRUE
"E4-122",NA,FALSE
"E4-123",190,TRUE
"E4-124",197,TRUE
"E4-125",220,TRUE
"E4-126",225,TRUE
"E4-127",190,TRUE
"E4-128",220,TRUE
"E4-129",220,TRUE
"E4-13",197,TRUE
"E4-130",204,TRUE
"E4-131",220,TRUE
"E4-132",212,TRUE
"E4-133",220,TRUE
"E4-134",220,TRUE
"E4-135",272,TRUE
"E4-136",234,TRUE
"E4-137",234,TRUE
"E4-138",204,TRUE
"E4-139",190,TRUE
"E4-14",197,TRUE
"E4-140",212,TRUE
"E4-141",212,TRUE
"E4-142",212,TRUE
"E4-143",212,TRUE
"E4-144",NA,FALSE
"E4-145",186,TRUE
"E4-146",212,TRUE
"E4-147",225,TRUE
"E4-148",190,TRUE
"E4-149",234,TRUE
"E4-15",212,TRUE
"E4-150",197,TRUE
"E4-151",204,TRUE
"E4-152",225,TRUE
"E4-153",272,TRUE
"E4-154",184,TRUE
"E4-155",190,TRUE
"E4-156",212,TRUE
"E4-157",225,TRUE
"E4-158",184,TRUE
"E4-159",212,TRUE
"E4-16",220,TRUE
"E4-160",225,TRUE
"E4-161",204,TRUE
"E4-162",197,TRUE
"E4-163",212,TRUE
"E4-164",220,TRUE
"E4-165",234,TRUE
"E4-166",204,TRUE
"E4-167",234,TRUE
"E4-168",225,TRUE
"E4-169",204,TRUE
"E4-17",204,TRUE
"E4-170",212,TRUE
"E4-171",190,TRUE
"E4-172",272,TRUE
"E4-173",190,TRUE
"E4-174",212,TRUE
"E4-175",212,TRUE
"E4-176",212,TRUE
"E4-177",272,TRUE
"E4-178",184,TRUE
"E4-179",NA,FALSE
"E4-18",212,TRUE
"E4-181",186,TRUE
"E4-182",234,TRUE
"E4-183",197,TRUE
"E4-184",272,TRUE
"E4-185",234,TRUE
"E4-186",NA,FALSE
"E4-187",225,TRUE
"E4-188",204,TRUE
"E4-189",212,TRUE
"E4-19",212,TRUE
"E4-190",272,TRUE
"E4-191",NA,FALSE
"E4-192",272,TRUE
"E4-193",212,TRUE
"E4-194",220,TRUE
"E4-195",220,TRUE
"E4-196",220,TRUE
"E4-197",NA,FALSE
"E4-198",197,TRUE
"E4-199",184,TRUE
"E4-20",220,TRUE
"E4-200",184,TRUE
"E4-201",NA,FALSE
"E4-21",272,TRUE
"E4-22",272,TRUE
"E4-23",204,TRUE
"E4-24",197,TRUE
"E4-25",204,TRUE
"E4-26",212,TRUE
"E4-27",212,TRUE
"E4-28",225,TRUE
"E4-29",197,TRUE
"E4-3",212,TRUE
"E4-30",212,TRUE
"E4-31",190,TRUE
"E4-32",220,TRUE
"E4-33",197,TRUE
"E4-34",234,TRUE
"E4-35",220,TRUE
"E4-36",197,TRUE
"E4-37",NA,FALSE
"E4-38",225,TRUE
"E4-39",225,TRUE
"E4-4",225,TRUE
"E4-40",186,TRUE
"E4-41",204,TRUE
"E4-42",220,TRUE
"E4-43",204,TRUE
"E4-44",220,TRUE
"E4-45",204,TRUE
"E4-46",NA,FALSE
"E4-47",NA,FALSE
"E4-48",NA,FALSE
"E4-49",NA,FALSE
"E4-5",272,TRUE
"E4-50",220,TRUE
"E4-51",272,TRUE
"E4-52",NA,FALSE
"E4-53",212,TRUE
"E4-54",220,TRUE
"E4-55",190,TRUE
"E4-56",212,TRUE
"E4-57",184,TRUE
"E4-58",220,TRUE
"E4-59",212,TRUE
"E4-6",NA,FALSE
"E4-60",272,TRUE
"E4-61",184,TRUE
"E4-62",197,TRUE
"E4-63",225,TRUE
"E4-64",225,TRUE
"E4-65",212,TRUE
"E4-66",220,TRUE
"E4-67",NA,FALSE
"E4-68",186,TRUE
"E4-69",220,TRUE
"E4-7",204,TRUE
"E4-70",272,TRUE
"E4-71",212,TRUE
"E4-72",220,TRUE
"E4-73",NA,FALSE
"E4-74",272,TRUE
"E4-75",225,TRUE
"E4-76",NA,FALSE
"E4-77",204,TRUE
"E4-78",272,TRUE
"E4-79",212,TRUE
"E4-8",272,TRUE
"E4-80",212,TRUE
"E4-81",212,TRUE
"E4-82",272,TRUE
"E4-83",204,TRUE
"E4-84",184,TRUE
"E4-86",272,TRUE
"E4-87",204,TRUE
"E4-88",220,TRUE
"E4-89",NA,FALSE
"E4-9",220,TRUE
"E4-90",225,TRUE
"E4-91",204,TRUE
"E4-92",212,TRUE
"E4-93",272,TRUE
"E4-94",197,TRUE
"E4-95",220,TRUE
"E4-96",212,TRUE
"E4-97",212,TRUE
"E4-98",204,TRUE
"E4-99",272,TRUE
"E5-1",218,TRUE
"E5-10",196,TRUE
"E5-100",212,TRUE
"E5-101",212,TRUE
"E5-102",218,TRUE
"E5-103",190,TRUE
"E5-104",NA,FALSE
"E5-105",196,TRUE
"E5-106",NA,FALSE
"E5-107",232,TRUE
"E5-109",212,TRUE
"E5-11",225,TRUE
"E5-110",NA,FALSE
"E5-111",225,TRUE
"E5-112",212,TRUE
"E5-113",212,TRUE
"E5-114",212,TRUE
"E5-115",218,TRUE
"E5-116",212,TRUE
"E5-117",218,TRUE
"E5-118",184,TRUE
"E5-119",225,TRUE
"E5-12",212,TRUE
"E5-120",212,TRUE
"E5-121",212,TRUE
"E5-122",212,TRUE
"E5-123",225,TRUE
"E5-124",232,TRUE
"E5-125",190,TRUE
"E5-126",212,TRUE
"E5-127",212,TRUE
"E5-128",212,TRUE
"E5-129",212,TRUE
"E5-13",218,TRUE
"E5-130",212,TRUE
"E5-131",212,TRUE
"E5-132",212,TRUE
"E5-134",212,TRUE
"E5-135",NA,FALSE
"E5-136",190,TRUE
"E5-137",212,TRUE
"E5-138",196,TRUE
"E5-139",212,TRUE
"E5-14",NA,FALSE
"E5-140",NA,FALSE
"E5-141",225,TRUE
"E5-142",225,TRUE
"E5-143",232,TRUE
"E5-144",218,TRUE
"E5-145",196,TRUE
"E5-146",NA,FALSE
"E5-147",272,TRUE
"E5-148",196,TRUE
"E5-149",218,TRUE
"E5-15",212,TRUE
"E5-150",232,TRUE
"E5-151",218,TRUE
"E5-152",218,TRUE
"E5-153",218,TRUE
"E5-154",NA,FALSE
"E5-155",218,TRUE
"E5-156",NA,FALSE
"E5-157",225,TRUE
"E5-158",212,TRUE
"E5-159",NA,FALSE
"E5-16",272,TRUE
"E5-160",272,TRUE
"E5-161",212,TRUE
"E5-162",NA,FALSE
"E5-163",NA,FALSE
"E5-164",204,TRUE
"E5-165",212,TRUE
"E5-166",196,TRUE
"E5-167",184,TRUE
"E5-168",190,TRUE
"E5-169",225,TRUE
"E5-17",212,TRUE
"E5-170",212,TRUE
"E5-171",NA,FALSE
"E5-172",272,TRUE
"E5-173",212,TRUE
"E5-174",218,TRUE
"E5-175",272,TRUE
"E5-176",212,TRUE
"E5-177",272,TRUE
"E5-178",272,TRUE
"E5-179",218,TRUE
"E5-18",NA,FALSE
"E5-180",272,TRUE
"E5-181",204,TRUE
"E5-182",NA,FALSE
"E5-183",232,TRUE
"E5-184",218,TRUE
"E5-185",218,TRUE
"E5-186",204,TRUE
"E5-187",NA,FALSE
"E5-188",225,TRUE
"E5-189",232,TRUE
"E5-19",212,TRUE
"E5-190",NA,FALSE
"E5-191",225,TRUE
"E5-192",218,TRUE
"E5-193",272,TRUE
"E5-194",NA,FALSE
"E5-195",NA,FALSE
"E5-196",272,TRUE
"E5-197",225,TRUE
"E5-198",212,TRUE
"E5-199",204,TRUE
"E5-2",272,TRUE
"E5-20",212,TRUE
"E5-200",272,TRUE
"E5-21",225,TRUE
"E5-22",186,TRUE
"E5-23",225,TRUE
"E5-24",NA,FALSE
"E5-25",NA,FALSE
"E5-26",212,TRUE
"E5-27",NA,FALSE
"E5-28",212,TRUE
"E5-29",225,TRUE
"E5-3",212,TRUE
"E5-30",212,TRUE
"E5-31",218,TRUE
"E5-32",NA,FALSE
"E5-33",218,TRUE
"E5-34",212,TRUE
"E5-35",190,TRUE
"E5-36",212,TRUE
"E5-37",272,TRUE
"E5-38",218,TRUE
"E5-39",232,TRUE
"E5-4",184,TRUE
"E5-40",212,TRUE
"E5-41",225,TRUE
"E5-42",218,TRUE
"E5-43",225,TRUE
"E5-44",232,TRUE
"E5-45",218,TRUE
"E5-46",225,TRUE
"E5-47",NA,FALSE
"E5-48",212,TRUE
"E5-49",196,TRUE
"E5-5",190,TRUE
"E5-50",196,TRUE
"E5-51",204,TRUE
"E5-52",218,TRUE
"E5-54",218,TRUE
"E5-55",225,TRUE
"E5-56",212,TRUE
"E5-57",225,TRUE
"E5-58",NA,FALSE
"E5-59",272,TRUE
"E5-6",218,TRUE
"E5-60",225,TRUE
"E5-61",218,TRUE
"E5-62",212,TRUE
"E5-63",225,TRUE
"E5-64",232,TRUE
"E5-65",232,TRUE
"E5-66",232,TRUE
"E5-67",272,TRUE
"E5-68",225,TRUE
"E5-69",232,TRUE
"E5-7",NA,FALSE
"E5-70",232,TRUE
"E5-71",225,TRUE
"E5-72",NA,FALSE
"E5-73",218,TRUE
"E5-74",NA,FALSE
"E5-75",212,TRUE
"E5-76",225,TRUE
"E5-77",190,TRUE
"E5-79",218,TRUE
"E5-8",232,TRUE
"E5-80",218,TRUE
"E5-81",212,TRUE
"E5-82",NA,FALSE
"E5-83",272,TRUE
"E5-85",218,TRUE
"E5-86",225,TRUE
"E5-87",232,TRUE
"E5-88",212,TRUE
"E5-89",NA,FALSE
"E5-9",225,TRUE
"E5-90",225,TRUE
"E5-91",225,TRUE
"E5-92",225,TRUE
"E5-93",218,TRUE
"E5-94",212,TRUE
"E5-95",204,TRUE
"E5-96",225,TRUE
"E5-97",218,TRUE
"E5-98",232,TRUE
"E5-99",212,TRUE
"E6-1",210,TRUE
"E6-10",NA,FALSE
"E6-100",205,TRUE
"E6-101",190,TRUE
"E6-102",186,TRUE
"E6-103",NA,FALSE
"E6-104",190,TRUE
"E6-105",205,TRUE
"E6-106",197,TRUE
"E6-107",184,TRUE
"E6-108",186,TRUE
"E6-109",197,TRUE
"E6-11",210,TRUE
"E6-110",190,TRUE
"E6-111",205,TRUE
"E6-112",218,TRUE
"E6-113",205,TRUE
"E6-114",197,TRUE
"E6-115",186,TRUE
"E6-116",205,TRUE
"E6-117",190,TRUE
"E6-118",197,TRUE
"E6-119",197,TRUE
"E6-12",190,TRUE
"E6-120",205,TRUE
"E6-121",205,TRUE
"E6-122",197,TRUE
"E6-123",205,TRUE
"E6-124",186,TRUE
"E6-125",186,TRUE
"E6-126",190,TRUE
"E6-127",190,TRUE
"E6-128",205,TRUE
"E6-129",190,TRUE
"E6-13",197,TRUE
"E6-130",197,TRUE
"E6-131",197,TRUE
"E6-132",205,TRUE
"E6-133",205,TRUE
"E6-135",190,TRUE
"E6-136",184,TRUE
"E6-137",186,TRUE
"E6-138",197,TRUE
"E6-14",190,TRUE
"E6-140",190,TRUE
"E6-141",197,TRUE
"E6-142",205,TRUE
"E6-143",197,TRUE
"E6-144",197,TRUE
"E6-145",205,TRUE
"E6-146",190,TRUE
"E6-147",205,TRUE
"E6-148",197,TRUE
"E6-149",205,TRUE
"E6-15",197,TRUE
"E6-150",190,TRUE
"E6-151",205,TRUE
"E6-152",205,TRUE
"E6-153",190,TRUE
"E6-154",197,TRUE
"E6-155",205,TRUE
"E6-156",197,TRUE
"E6-157",190,TRUE
"E6-158",184,TRUE
"E6-159",205,TRUE
"E6-16",205,TRUE
"E6-160",210,TRUE
"E6-161",197,TRUE
"E6-162",218,TRUE
"E6-163",205,TRUE
"E6-164",197,TRUE
"E6-165",197,TRUE
"E6-166",272,TRUE
"E6-167",205,TRUE
"E6-168",186,TRUE
"E6-169",210,TRUE
"E6-17",186,TRUE
"E6-170",186,TRUE
"E6-171",190,TRUE
"E6-172",205,TRUE
"E6-173",205,TRUE
"E6-174",225,TRUE
"E6-175",197,TRUE
"E6-176",205,TRUE
"E6-177",210,TRUE
"E6-178",205,TRUE
"E6-179",197,TRUE
"E6-18",190,TRUE
"E6-180",197,TRUE
"E6-181",197,TRUE
"E6-182",225,TRUE
"E6-183",205,TRUE
"E6-184",218,TRUE
"E6-185",184,TRUE
"E6-186",205,TRUE
"E6-187",205,TRUE
"E6-188",184,TRUE
"E6-189",197,TRUE
"E6-19",197,TRUE
"E6-190",210,TRUE
"E6-191",190,TRUE
"E6-192",205,TRUE
"E6-193",197,TRUE
"E6-194",210,TRUE
"E6-195",205,TRUE
"E6-196",190,TRUE
"E6-197",210,TRUE
"E6-198",197,TRUE
"E6-199",184,TRUE
"E6-2",NA,FALSE
"E6-20",197,TRUE
"E6-200",205,TRUE
"E6-21",190,TRUE
"E6-22",190,TRUE
"E6-23",205,TRUE
"E6-24",225,TRUE
"E6-25",197,TRUE
"E6-26",205,TRUE
"E6-27",218,TRUE
"E6-28",197,TRUE
"E6-29",190,TRUE
"E6-3",197,TRUE
"E6-30",225,TRUE
"E6-31",197,TRUE
"E6-32",205,TRUE
"E6-33",190,TRUE
"E6-34",210,TRUE
"E6-35",205,TRUE
"E6-36",205,TRUE
"E6-37",197,TRUE
"E6-38",210,TRUE
"E6-39",205,TRUE
"E6-4",NA,FALSE
"E6-40",218,TRUE
"E6-41",184,TRUE
"E6-42",205,TRUE
"E6-43",272,TRUE
"E6-44",197,TRUE
"E6-45",205,TRUE
"E6-46",205,TRUE
"E6-47",190,TRUE
"E6-48",197,TRUE
"E6-49",197,TRUE
"E6-5",197,TRUE
"E6-50",218,TRUE
"E6-51",205,TRUE
"E6-52",205,TRUE
"E6-53",197,TRUE
"E6-54",205,TRUE
"E6-55",NA,FALSE
"E6-56",197,TRUE
"E6-57",197,TRUE
"E6-58",232,TRUE
"E6-59",205,TRUE
"E6-6",186,TRUE
"E6-60",205,TRUE
"E6-61",190,TRUE
"E6-62",197,TRUE
"E6-63",210,TRUE
"E6-64",NA,FALSE
"E6-65",197,TRUE
"E6-66",205,TRUE
"E6-67",205,TRUE
"E6-68",190,TRUE
"E6-69",186,TRUE
"E6-7",205,TRUE
"E6-70",184,TRUE
"E6-71",197,TRUE
"E6-72",210,TRUE
"E6-73",205,TRUE
"E6-74",NA,FALSE
"E6-75",197,TRUE
"E6-76",197,TRUE
"E6-77",205,TRUE
"E6-78",190,TRUE
"E6-79",205,TRUE
"E6-8",178,TRUE
"E6-80",190,TRUE
"E6-81",184,TRUE
"E6-82",186,TRUE
"E6-83",218,TRUE
"E6-84",184,TRUE
"E6-85",197,TRUE
"E6-86",210,TRUE
"E6-87",197,TRUE
"E6-88",197,TRUE
"E6-89",190,TRUE
"E6-9",190,TRUE
"E6-90",205,TRUE
"E6-91",218,TRUE
"E6-92",205,TRUE
"E6-93",186,TRUE
"E6-94",190,TRUE
"E6-95",205,TRUE
"E6-96",205,TRUE
"E6-97",197,TRUE
"E6-98",205,TRUE
"E6-99",205,TRUE
"E7-1",211,TRUE
"E7-10",196,TRUE
"E7-100",196,TRUE
"E7-101",196,TRUE
"E7-102",206,TRUE
"E7-103",206,TRUE
"E7-104",206,TRUE
"E7-105",206,TRUE
"E7-106",206,TRUE
"E7-107",224,TRUE
"E7-108",206,TRUE
"E7-109",196,TRUE
"E7-11",206,TRUE
"E7-110",219,TRUE
"E7-111",206,TRUE
"E7-112",189,TRUE
"E7-113",206,TRUE
"E7-114",NA,FALSE
"E7-115",196,TRUE
"E7-116",219,TRUE
"E7-117",206,TRUE
"E7-118",219,TRUE
"E7-119",196,TRUE
"E7-12",189,TRUE
"E7-120",NA,FALSE
"E7-121",219,TRUE
"E7-122",206,TRUE
"E7-123",185,TRUE
"E7-124",211,TRUE
"E7-125",196,TRUE
"E7-126",189,TRUE
"E7-127",196,TRUE
"E7-128",NA,FALSE
"E7-129",189,TRUE
"E7-13",211,TRUE
"E7-130",206,TRUE
"E7-131",206,TRUE
"E7-132",206,TRUE
"E7-133",206,TRUE
"E7-134",206,TRUE
"E7-135",206,TRUE
"E7-136",189,TRUE
"E7-137",189,TRUE
"E7-138",211,TRUE
"E7-139",211,TRUE
"E7-14",196,TRUE
"E7-140",219,TRUE
"E7-141",206,TRUE
"E7-142",196,TRUE
"E7-143",NA,FALSE
"E7-144",211,TRUE
"E7-145",196,TRUE
"E7-146",206,TRUE
"E7-147",206,TRUE
"E7-148",206,TRUE
"E7-149",206,TRUE
"E7-15",206,TRUE
"E7-150",206,TRUE
"E7-151",206,TRUE
"E7-152",219,TRUE
"E7-153",206,TRUE
"E7-154",211,TRUE
"E7-155",NA,FALSE
"E7-156",189,TRUE
"E7-157",196,TRUE
"E7-158",206,TRUE
"E7-159",272,TRUE
"E7-16",224,TRUE
"E7-160",211,TRUE
"E7-161",NA,FALSE
"E7-162",206,TRUE
"E7-163",211,TRUE
"E7-164",196,TRUE
"E7-165",189,TRUE
"E7-166",206,TRUE
"E7-167",206,TRUE
"E7-168",183,TRUE
"E7-169",196,TRUE
"E7-17",211,TRUE
"E7-170",NA,FALSE
"E7-171",219,TRUE
"E7-172",206,TRUE
"E7-173",206,TRUE
"E7-174",196,TRUE
"E7-175",206,TRUE
"E7-176",235,TRUE
"E7-177",NA,FALSE
"E7-178",219,TRUE
"E7-179",272,TRUE
"E7-18",219,TRUE
"E7-180",189,TRUE
"E7-181",196,TRUE
"E7-182",206,TRUE
"E7-183",NA,FALSE
"E7-184",206,TRUE
"E7-185",NA,FALSE
"E7-186",NA,FALSE
"E7-187",235,TRUE
"E7-188",189,TRUE
"E7-189",206,TRUE
"E7-19",211,TRUE
"E7-190",206,TRUE
"E7-191",189,TRUE
"E7-192",NA,FALSE
"E7-193",219,TRUE
"E7-194",196,TRUE
"E7-195",211,TRUE
"E7-196",219,TRUE
"E7-197",NA,FALSE
"E7-198",235,TRUE
"E7-199",206,TRUE
"E7-2",196,TRUE
"E7-20",196,TRUE
"E7-200",196,TRUE
"E7-201",NA,FALSE
"E7-202",NA,FALSE
"E7-21",206,TRUE
"E7-22",196,TRUE
"E7-23",206,TRUE
"E7-24",196,TRUE
"E7-25",206,TRUE
"E7-26",206,TRUE
"E7-27",206,TRUE
"E7-28",196,TRUE
"E7-29",196,TRUE
"E7-3",224,TRUE
"E7-30",196,TRUE
"E7-31",189,TRUE
"E7-32",206,TRUE
"E7-33",206,TRUE
"E7-34",NA,FALSE
"E7-35",206,TRUE
"E7-36",224,TRUE
"E7-37",206,TRUE
"E7-38",206,TRUE
"E7-39",206,TRUE
"E7-4",211,TRUE
"E7-40",211,TRUE
"E7-41",189,TRUE
"E7-42",211,TRUE
"E7-43",NA,FALSE
"E7-44",272,TRUE
"E7-45",206,TRUE
"E7-46",NA,FALSE
"E7-47",189,TRUE
"E7-48",196,TRUE
"E7-49",196,TRUE
"E7-5",185,TRUE
"E7-50",185,TRUE
"E7-51",206,TRUE
"E7-52",211,TRUE
"E7-53",206,TRUE
"E7-54",206,TRUE
"E7-55",206,TRUE
"E7-56",196,TRUE
"E7-57",206,TRUE
"E7-58",211,TRUE
"E7-59",206,TRUE
"E7-6",196,TRUE
"E7-60",206,TRUE
"E7-61",206,TRUE
"E7-62",206,TRUE
"E7-63",206,TRUE
"E7-64",206,TRUE
"E7-65",206,TRUE
"E7-66",196,TRUE
"E7-67",211,TRUE
"E7-68",206,TRUE
"E7-69",211,TRUE
"E7-7",206,TRUE
"E7-70",196,TRUE
"E7-71",206,TRUE
"E7-72",224,TRUE
"E7-73",206,TRUE
"E7-74",206,TRUE
"E7-75",206,TRUE
"E7-76",196,TRUE
"E7-77",189,TRUE
"E7-78",196,TRUE
"E7-79",206,TRUE
"E7-8",NA,FALSE
"E7-80",206,TRUE
"E7-81",196,TRUE
"E7-82",206,TRUE
"E7-83",196,TRUE
"E7-84",211,TRUE
"E7-85",206,TRUE
"E7-86",206,TRUE
"E7-87",196,TRUE
"E7-88",211,TRUE
"E7-89",196,TRUE
"E7-9",206,TRUE
"E7-90",196,TRUE
"E7-91",206,TRUE
"E7-92",185,TRUE
"E7-93",211,TRUE
"E7-94",206,TRUE
"E7-95",219,TRUE
"E7-96",189,TRUE
"E7-97",206,TRUE
"E7-98",206,TRUE
"E7-99",206,TRUE
"E8-1",211,TRUE
"E8-10",189,TRUE
"E8-100",205,TRUE
"E8-101",205,TRUE
"E8-102",211,TRUE
"E8-103",219,TRUE
"E8-104",189,TRUE
"E8-105",205,TRUE
"E8-106",196,TRUE
"E8-107",211,TRUE
"E8-108",205,TRUE
"E8-109",205,TRUE
"E8-11",219,TRUE
"E8-110",205,TRUE
"E8-111",205,TRUE
"E8-112",196,TRUE
"E8-113",196,TRUE
"E8-114",205,TRUE
"E8-115",189,TRUE
"E8-116",205,TRUE
"E8-117",205,TRUE
"E8-118",205,TRUE
"E8-119",196,TRUE
"E8-12",196,TRUE
"E8-120",185,TRUE
"E8-121",189,TRUE
"E8-122",205,TRUE
"E8-123",189,TRUE
"E8-124",211,TRUE
"E8-125",205,TRUE
"E8-126",272,TRUE
"E8-127",196,TRUE
"E8-128",205,TRUE
"E8-129",224,TRUE
"E8-13",205,TRUE
"E8-130",196,TRUE
"E8-131",205,TRUE
"E8-132",205,TRUE
"E8-133",205,TRUE
"E8-134",185,TRUE
"E8-135",189,TRUE
"E8-136",205,TRUE
"E8-137",196,TRUE
"E8-138",205,TRUE
"E8-139",224,TRUE
"E8-14",196,TRUE
"E8-140",196,TRUE
"E8-141",196,TRUE
"E8-142",205,TRUE
"E8-143",196,TRUE
"E8-144",196,TRUE
"E8-145",196,TRUE
"E8-146",205,TRUE
"E8-147",196,TRUE
"E8-148",196,TRUE
"E8-149",NA,FALSE
"E8-15",205,TRUE
"E8-150",205,TRUE
"E8-151",205,TRUE
"E8-152",224,TRUE
"E8-153",205,TRUE
"E8-154",205,TRUE
"E8-155",205,TRUE
"E8-156",189,TRUE
"E8-157",235,TRUE
"E8-158",205,TRUE
"E8-159",211,TRUE
"E8-16",196,TRUE
"E8-160",196,TRUE
"E8-161",196,TRUE
"E8-162",196,TRUE
"E8-163",189,TRUE
"E8-164",196,TRUE
"E8-165",211,TRUE
"E8-166",205,TRUE
"E8-167",189,TRUE
"E8-168",189,TRUE
"E8-169",NA,FALSE
"E8-17",224,TRUE
"E8-170",211,TRUE
"E8-171",219,TRUE
"E8-172",205,TRUE
"E8-173",205,TRUE
"E8-174",185,TRUE
"E8-175",219,TRUE
"E8-176",205,TRUE
"E8-177",205,TRUE
"E8-178",219,TRUE
"E8-179",196,TRUE
"E8-18",NA,FALSE
"E8-180",205,TRUE
"E8-181",189,TRUE
"E8-182",183,TRUE
"E8-183",205,TRUE
"E8-184",205,TRUE
"E8-185",196,TRUE
"E8-186",205,TRUE
"E8-187",205,TRUE
"E8-188",205,TRUE
"E8-189",196,TRUE
"E8-19",219,TRUE
"E8-190",205,TRUE
"E8-191",205,TRUE
"E8-192",196,TRUE
"E8-193",211,TRUE
"E8-194",211,TRUE
"E8-195",196,TRUE
"E8-196",189,TRUE
"E8-197",205,TRUE
"E8-198",224,TRUE
"E8-199",189,TRUE
"E8-2",205,TRUE
"E8-20",211,TRUE
"E8-200",224,TRUE
"E8-21",196,TRUE
"E8-22",196,TRUE
"E8-23",196,TRUE
"E8-24",211,TRUE
"E8-25",189,TRUE
"E8-26",189,TRUE
"E8-27",211,TRUE
"E8-28",205,TRUE
"E8-29",189,TRUE
"E8-3",189,TRUE
"E8-30",219,TRUE
"E8-31",189,TRUE
"E8-32",205,TRUE
"E8-33",211,TRUE
"E8-34",205,TRUE
"E8-35",196,TRUE
"E8-36",205,TRUE
"E8-37",219,TRUE
"E8-38",211,TRUE
"E8-39",196,TRUE
"E8-4",189,TRUE
"E8-40",183,TRUE
"E8-41",205,TRUE
"E8-42",196,TRUE
"E8-43",189,TRUE
"E8-44",205,TRUE
"E8-45",205,TRUE
"E8-46",205,TRUE
"E8-47",189,TRUE
"E8-48",196,TRUE
"E8-49",205,TRUE
"E8-5",205,TRUE
"E8-50",196,TRUE
"E8-51",183,TRUE
"E8-52",205,TRUE
"E8-53",205,TRUE
"E8-54",189,TRUE
"E8-55",205,TRUE
"E8-56",235,TRUE
"E8-57",189,TRUE
"E8-58",272,TRUE
"E8-59",189,TRUE
"E8-6",183,TRUE
"E8-60",196,TRUE
"E8-61",183,TRUE
"E8-62",211,TRUE
"E8-63",205,TRUE
"E8-64",196,TRUE
"E8-65",189,TRUE
"E8-66",196,TRUE
"E8-67",196,TRUE
"E8-68",196,TRUE
"E8-69",196,TRUE
"E8-7",219,TRUE
"E8-70",205,TRUE
"E8-71",189,TRUE
"E8-72",205,TRUE
"E8-73",205,TRUE
"E8-74",196,TRUE
"E8-75",205,TRUE
"E8-76",205,TRUE
"E8-77",189,TRUE
"E8-78",NA,FALSE
"E8-79",196,TRUE
"E8-8",196,TRUE
"E8-80",205,TRUE
"E8-81",189,TRUE
"E8-82",211,TRUE
"E8-83",211,TRUE
"E8-84",272,TRUE
"E8-85",NA,FALSE
"E8-86",196,TRUE
"E8-87",205,TRUE
"E8-88",205,TRUE
"E8-89",205,TRUE
"E8-9",205,TRUE
"E8-90",183,TRUE
"E8-91",205,TRUE
"E8-92",196,TRUE
"E8-93",211,TRUE
"E8-94",189,TRUE
"E8-95",196,TRUE
"E8-96",196,TRUE
"E8-97",196,TRUE
"E8-98",189,TRUE
"E8-99",196,TRUE
"E9-1",197,TRUE
"E9-10",NA,FALSE
"E9-100",NA,FALSE
"E9-101",206,TRUE
"E9-102",220,TRUE
"E9-103",220,TRUE
"E9-104",220,TRUE
"E9-105",NA,FALSE
"E9-106",220,TRUE
"E9-107",272,TRUE
"E9-108",220,TRUE
"E9-109",NA,FALSE
"E9-11",210,TRUE
"E9-110",210,TRUE
"E9-111",220,TRUE
"E9-112",220,TRUE
"E9-113",234,TRUE
"E9-114",206,TRUE
"E9-115",220,TRUE
"E9-116",NA,FALSE
"E9-117",206,TRUE
"E9-118",206,TRUE
"E9-119",210,TRUE
"E9-12",197,TRUE
"E9-120",206,TRUE
"E9-121",210,TRUE
"E9-122",210,TRUE
"E9-123",234,TRUE
"E9-124",220,TRUE
"E9-125",272,TRUE
"E9-126",225,TRUE
"E9-127",NA,FALSE
"E9-128",220,TRUE
"E9-129",NA,FALSE
"E9-13",NA,FALSE
"E9-130",234,TRUE
"E9-131",225,TRUE
"E9-132",220,TRUE
"E9-133",NA,FALSE
"E9-134",NA,FALSE
"E9-135",220,TRUE
"E9-136",220,TRUE
"E9-137",206,TRUE
"E9-138",272,TRUE
"E9-139",206,TRUE
"E9-14",220,TRUE
"E9-140",272,TRUE
"E9-141",206,TRUE
"E9-142",NA,FALSE
"E9-143",210,TRUE
"E9-144",NA,FALSE
"E9-145",220,TRUE
"E9-146",220,TRUE
"E9-147",179,TRUE
"E9-148",206,TRUE
"E9-149",272,TRUE
"E9-15",NA,FALSE
"E9-150",210,TRUE
"E9-151",210,TRUE
"E9-152",210,TRUE
"E9-153",220,TRUE
"E9-154",272,TRUE
"E9-155",NA,FALSE
"E9-156",220,TRUE
"E9-157",206,TRUE
"E9-158",220,TRUE
"E9-159",220,TRUE
"E9-16",NA,FALSE
"E9-160",225,TRUE
"E9-161",225,TRUE
"E9-162",220,TRUE
"E9-163",220,TRUE
"E9-164",NA,FALSE
"E9-165",220,TRUE
"E9-166",220,TRUE
"E9-167",220,TRUE
"E9-168",184,TRUE
"E9-169",197,TRUE
"E9-17",234,TRUE
"E9-170",NA,FALSE
"E9-171",197,TRUE
"E9-172",NA,FALSE
"E9-173",225,TRUE
"E9-174",220,TRUE
"E9-175",272,TRUE
"E9-176",NA,FALSE
"E9-177",220,TRUE
"E9-178",220,TRUE
"E9-179",210,TRUE
"E9-18",206,TRUE
"E9-180",189,TRUE
"E9-181",220,TRUE
"E9-182",220,TRUE
"E9-183",220,TRUE
"E9-184",210,TRUE
"E9-185",234,TRUE
"E9-186",197,TRUE
"E9-187",210,TRUE
"E9-188",220,TRUE
"E9-189",197,TRUE
"E9-19",220,TRUE
"E9-190",220,TRUE
"E9-191",197,TRUE
"E9-192",206,TRUE
"E9-193",NA,FALSE
"E9-194",206,TRUE
"E9-195",NA,FALSE
"E9-196",225,TRUE
"E9-197",197,TRUE
"E9-198",197,TRUE
"E9-199",206,TRUE
"E9-2",186,TRUE
"E9-20",206,TRUE
"E9-200",206,TRUE
"E9-201",210,TRUE
"E9-202",NA,FALSE
"E9-22",234,TRUE
"E9-23",186,TRUE
"E9-24",NA,FALSE
"E9-25",197,TRUE
"E9-26",206,TRUE
"E9-27",206,TRUE
"E9-28",272,TRUE
"E9-29",210,TRUE
"E9-3",189,TRUE
"E9-30",197,TRUE
"E9-31",225,TRUE
"E9-32",197,TRUE
"E9-33",220,TRUE
"E9-34",220,TRUE
"E9-35",197,TRUE
"E9-36",210,TRUE
"E9-37",272,TRUE
"E9-38",206,TRUE
"E9-39",NA,FALSE
"E9-4",225,TRUE
"E9-40",206,TRUE
"E9-41",225,TRUE
"E9-42",197,TRUE
"E9-43",220,TRUE
"E9-44",234,TRUE
"E9-45",NA,FALSE
"E9-46",189,TRUE
"E9-47",NA,FALSE
"E9-48",225,TRUE
"E9-49",206,TRUE
"E9-5",197,TRUE
"E9-50",186,TRUE
"E9-51",NA,FALSE
"E9-52",206,TRUE
"E9-53",272,TRUE
"E9-54",272,TRUE
"E9-55",272,TRUE
"E9-56",206,TRUE
"E9-57",197,TRUE
"E9-58",NA,FALSE
"E9-59",206,TRUE
"E9-6",NA,FALSE
"E9-60",206,TRUE
"E9-61",NA,FALSE
"E9-62",220,TRUE
"E9-63",225,TRUE
"E9-64",210,TRUE
"E9-65",184,TRUE
"E9-66",NA,FALSE
"E9-67",220,TRUE
"E9-68",210,TRUE
"E9-69",220,TRUE
"E9-7",NA,FALSE
"E9-70",189,TRUE
"E9-71",184,TRUE
"E9-72",206,TRUE
"E9-73",220,TRUE
"E9-74",225,TRUE
"E9-75",197,TRUE
"E9-76",210,TRUE
"E9-77",272,TRUE
"E9-78",220,TRUE
"E9-79",NA,FALSE
"E9-8",186,TRUE
"E9-80",234,TRUE
"E9-81",210,TRUE
"E9-82",189,TRUE
"E9-83",210,TRUE
"E9-84",206,TRUE
"E9-85",186,TRUE
"E9-86",272,TRUE
"E9-87",234,TRUE
"E9-88",220,TRUE
"E9-89",NA,FALSE
"E9-9",206,TRUE
"E9-90",197,TRUE
"E9-91",NA,FALSE
"E9-92",210,TRUE
"E9-93",234,TRUE
"E9-94",NA,FALSE
"E9-95",206,TRUE
"E9-96",220,TRUE
"E9-97",197,TRUE
"E9-98",NA,FALSE
"E9-99",220,TRUE
